ID,F1,F2,F3,F4,F5,F6,F7,F8,F9,F10,F11,F12,F13,F14,F15,F16,F17,F18,F19,F20,F21,F22,F23,F24,F25,F26,F27,y
TRAIN_000,22,0,0,0,9,4,11,1,0,1,2,0,0,25,1,3,6,2,0,2,0,28,1,1,5,1,5,0
TRAIN_001,1,0,0,0,12,4,4,0,3,1,3,1,7,9,0,7,6,2,1,1,0,48,2,0,4,2,1,0
TRAIN_002,27,0,0,0,10,0,1,0,0,0,10,1,5,6,0,7,6,1,0,1,0,57,3,1,3,3,3,0
TRAIN_003,1,0,0,0,9,9,11,1,3,1,2,1,7,9,1,7,6,2,1,1,0,25,2,2,2,1,1,1
TRAIN_004,16,0,0,0,12,4,1,0,3,1,2,1,5,6,1,7,6,2,1,1,0,24,1,1,4,3,3,0
TRAIN_005,81,0,0,0,12,4,4,1,3,1,1,1,7,6,1,7,6,1,0,1,0,18,1,0,3,3,1,0
TRAIN_006,20,0,0,0,9,9,4,0,3,1,2,1,5,25,2,7,6,1,0,1,0,24,5,1,2,4,3,0
TRAIN_007,28,2,0,0,10,9,4,1,1,0,2,0,7,9,1,6,6,1,0,2,0,54,2,0,5,2,3,0
TRAIN_008,27,0,0,0,9,0,4,0,3,1,2,1,7,9,1,7,6,1,1,2,0,40,4,0,2,2,4,1
TRAIN_009,1,0,1,0,5,3,4,1,0,1,5,1,7,6,1,6,6,2,1,1,1,32,1,0,1,4,1,0
TRAIN_010,40,0,1,0,5,3,4,1,3,1,2,1,5,21,1,3,6,1,0,1,1,40,2,0,4,4,3,0
TRAIN_011,27,0,0,0,9,4,11,0,3,0,2,1,7,25,1,3,6,1,0,1,0,41,2,0,2,1,2,0
TRAIN_012,18,0,1,0,5,3,11,2,3,0,2,1,5,6,1,7,6,1,0,1,1,1,2,2,2,4,6,1
TRAIN_013,5,0,0,0,9,4,4,0,3,1,3,1,7,6,0,7,6,1,0,1,0,16,3,0,1,3,1,0
TRAIN_014,39,2,0,0,10,2,4,2,3,0,2,0,0,25,2,7,6,2,1,1,0,25,4,1,5,2,1,0
TRAIN_015,74,0,0,0,8,9,11,1,3,1,1,1,7,25,1,3,6,1,0,2,0,33,4,0,3,4,3,0
TRAIN_016,10,0,1,0,5,3,1,1,0,1,2,0,5,9,1,7,6,2,0,1,3,15,6,1,3,1,4,1
TRAIN_017,31,0,0,0,9,6,4,0,3,1,4,0,7,6,1,7,6,1,0,3,0,10,2,2,1,2,2,0
TRAIN_018,24,0,0,0,9,4,4,1,3,1,3,1,7,25,1,3,6,2,0,1,0,27,2,1,2,2,2,1
TRAIN_019,54,0,1,0,5,3,4,0,3,1,3,1,0,25,1,6,6,2,1,2,1,17,3,0,3,2,2,0
TRAIN_020,27,0,0,0,12,9,4,0,2,0,2,1,5,9,1,6,6,1,1,1,0,16,2,1,1,1,4,0
TRAIN_021,17,0,0,0,9,9,4,0,3,1,3,1,7,6,1,7,6,1,1,3,0,54,1,1,5,3,6,0
TRAIN_022,38,0,0,0,9,6,4,0,3,0,2,1,5,9,1,7,6,1,1,1,0,15,1,1,2,1,1,1
TRAIN_023,5,0,0,0,9,0,4,0,3,0,2,1,7,6,1,7,6,2,1,2,0,17,3,2,3,1,2,1
TRAIN_024,22,0,0,0,9,6,11,0,3,0,2,1,7,9,1,3,6,1,0,2,0,14,2,0,2,5,3,0
TRAIN_025,11,0,0,0,9,0,4,0,3,1,4,0,7,9,1,3,6,1,1,2,0,22,1,1,3,2,1,0
TRAIN_026,1,0,0,2,9,2,11,1,3,0,3,1,7,9,2,7,6,2,1,1,0,29,1,1,4,3,1,0
TRAIN_027,1,0,0,0,10,0,11,1,3,1,3,1,5,6,1,7,6,1,0,1,0,22,1,2,2,1,4,0
TRAIN_028,31,0,0,0,10,9,11,0,3,1,5,1,0,6,1,7,6,1,0,1,0,40,3,1,3,4,6,0
TRAIN_029,30,2,0,0,9,9,4,1,1,1,1,0,7,9,1,6,6,2,0,2,0,22,2,2,1,2,1,1
TRAIN_030,16,0,0,0,10,9,4,0,0,1,3,1,7,9,0,3,6,2,0,2,0,39,2,1,3,4,2,1
TRAIN_031,65,0,1,0,5,3,4,0,3,1,1,1,7,6,2,3,6,2,1,1,1,16,1,0,1,2,2,0
TRAIN_032,3,0,0,0,12,2,1,1,0,0,4,1,7,9,2,3,6,1,0,1,0,28,2,1,2,1,4,0
TRAIN_033,22,0,0,0,9,9,11,0,0,1,1,0,5,9,0,7,6,1,1,3,0,15,2,1,1,3,1,1
TRAIN_034,31,0,1,0,5,3,4,0,3,0,1,0,7,6,2,7,6,2,0,1,2,26,1,2,2,1,3,0
TRAIN_035,10,0,0,0,10,9,4,1,3,0,3,1,8,21,1,7,6,1,0,2,0,26,2,1,3,1,5,0
TRAIN_036,20,0,0,0,9,9,4,2,3,0,2,1,5,6,1,3,6,1,1,2,0,21,3,0,2,2,1,0
TRAIN_037,30,0,1,0,5,3,4,1,0,0,2,1,7,6,1,7,6,1,1,1,2,6,2,0,2,2,1,0
TRAIN_038,34,0,0,0,8,4,1,1,3,1,2,0,7,6,1,7,6,1,1,1,0,8,2,1,1,3,1,0
TRAIN_039,15,0,1,0,5,3,4,0,2,1,1,1,5,21,1,6,6,2,0,1,1,26,2,0,1,2,4,1
TRAIN_040,24,0,0,0,9,4,11,1,3,1,2,1,5,6,0,7,6,2,0,1,0,15,1,1,1,1,2,0
TRAIN_041,26,0,0,0,9,4,4,2,3,1,1,0,7,6,1,7,6,1,0,1,0,34,3,0,2,2,4,0
TRAIN_042,11,0,0,0,9,0,11,0,3,0,2,1,5,25,1,3,6,2,0,1,0,24,1,1,3,2,4,0
TRAIN_043,16,0,1,0,5,3,4,2,3,1,2,1,5,6,1,7,6,2,1,2,2,3,5,1,2,4,2,0
TRAIN_044,20,0,0,0,10,9,1,0,3,1,4,1,7,6,1,3,6,2,1,2,0,13,3,0,3,2,4,1
TRAIN_045,22,0,0,0,10,9,4,1,3,1,5,1,5,9,2,3,6,1,0,2,0,32,2,0,2,4,1,1
TRAIN_046,38,0,0,0,10,0,4,1,3,0,2,1,7,9,1,7,6,2,1,1,0,64,1,0,4,2,3,1
TRAIN_047,24,0,0,0,9,9,4,0,0,1,2,0,7,25,1,7,6,1,0,1,0,41,3,0,1,1,1,1
TRAIN_048,11,0,0,0,9,9,4,0,0,0,1,1,7,6,1,7,6,1,0,1,0,37,2,0,2,1,1,0
TRAIN_049,7,0,0,0,9,9,4,1,3,1,1,1,5,6,1,3,6,1,0,1,0,32,1,0,1,3,2,1
TRAIN_050,0,3,0,0,12,9,4,2,3,0,2,0,0,25,1,7,6,0,0,1,0,24,1,0,3,1,3,0
TRAIN_051,20,0,0,0,9,4,4,0,3,1,2,1,7,6,0,3,6,2,1,1,0,26,1,0,3,1,2,0
TRAIN_052,13,0,0,0,9,9,4,0,3,1,3,0,0,9,1,7,6,2,0,1,0,42,1,1,1,2,1,1
TRAIN_053,47,0,0,0,9,2,4,0,3,1,1,1,5,9,1,7,6,1,0,1,0,24,2,0,1,2,3,0
TRAIN_054,4,0,0,0,9,0,9,0,3,1,2,0,5,6,1,6,6,1,1,2,0,30,1,2,1,3,4,1
TRAIN_055,44,2,1,0,5,3,4,0,1,0,1,0,5,9,1,7,6,2,0,1,0,9,1,0,3,1,5,0
TRAIN_056,11,0,0,0,9,9,4,0,3,1,1,1,7,9,2,3,6,2,0,1,0,18,1,0,1,1,1,0
TRAIN_057,31,0,0,0,12,9,4,0,0,1,5,0,7,9,0,6,6,1,0,1,0,18,1,0,6,1,6,0
TRAIN_058,24,0,0,0,10,9,4,1,3,0,1,1,7,9,1,7,6,1,0,1,0,3,1,0,2,1,2,0
TRAIN_059,24,0,0,0,9,9,4,1,0,1,3,0,5,6,1,3,6,2,0,2,0,40,1,0,1,1,1,1
TRAIN_060,20,0,0,0,9,9,4,2,0,0,2,1,0,9,1,3,6,1,1,2,0,14,1,0,1,1,1,0
TRAIN_061,45,3,0,0,8,9,11,0,3,1,3,0,5,21,0,7,6,2,1,1,0,36,3,0,4,2,3,0
TRAIN_062,3,0,1,0,5,3,4,0,3,1,2,1,7,9,1,3,6,2,0,2,1,18,4,1,5,2,3,0
TRAIN_063,15,0,0,0,9,9,4,1,3,1,2,1,1,25,1,7,6,1,0,1,0,13,1,0,1,2,2,1
TRAIN_064,20,0,0,0,9,9,11,0,3,1,5,1,7,6,0,7,6,2,1,1,0,4,2,0,5,3,3,0
TRAIN_065,72,2,0,0,10,4,4,0,0,0,1,1,5,25,1,3,6,1,0,1,0,21,1,0,3,2,2,0
TRAIN_066,11,0,0,0,9,0,11,1,0,1,2,1,7,6,0,3,6,2,0,1,0,30,2,0,4,1,1,0
TRAIN_067,29,0,0,0,9,8,11,0,3,1,2,1,0,9,1,3,6,1,1,1,0,13,5,0,3,2,3,0
TRAIN_068,24,0,0,0,9,9,4,1,0,1,2,0,5,6,1,7,6,1,0,1,0,33,2,0,2,2,3,0
TRAIN_069,8,0,0,0,9,8,4,0,3,1,1,1,7,6,2,3,6,2,0,1,0,21,1,0,2,1,2,0
TRAIN_070,63,0,0,0,10,4,4,0,3,1,2,1,5,6,1,7,6,2,0,1,0,40,2,0,3,2,3,1
TRAIN_071,27,0,0,0,9,9,4,2,3,0,2,1,7,9,1,7,6,1,0,1,0,25,3,0,2,2,5,0
TRAIN_072,56,0,1,0,5,3,4,1,3,1,3,0,5,6,1,7,6,1,0,2,1,11,1,0,1,1,4,0
TRAIN_073,26,0,1,0,5,3,4,1,3,1,1,1,7,6,1,6,6,2,0,1,1,1,1,1,2,1,3,1
TRAIN_074,16,0,0,0,12,9,4,1,3,0,4,1,5,6,2,3,6,2,1,1,0,22,1,0,4,1,3,1
TRAIN_075,10,0,0,0,9,9,4,1,3,1,3,0,7,9,1,3,6,1,1,1,0,25,4,1,2,2,1,0
TRAIN_076,17,0,0,0,10,4,4,1,0,1,2,1,5,25,1,3,6,2,1,1,0,23,4,0,5,1,3,0
TRAIN_077,32,1,0,0,10,0,11,1,0,0,2,1,7,6,1,3,6,1,1,1,0,30,3,0,2,2,2,0
TRAIN_078,69,0,1,0,5,3,11,1,3,1,4,1,7,21,1,7,6,1,0,1,1,43,2,1,4,1,5,1
TRAIN_079,80,0,0,0,12,9,4,1,3,1,2,1,5,6,1,3,6,1,0,1,0,26,1,0,2,1,2,0
TRAIN_080,27,2,0,0,5,9,4,0,1,0,2,1,7,6,1,7,6,2,0,1,0,13,1,1,1,1,3,0
TRAIN_081,28,0,1,0,5,3,4,0,0,1,1,1,7,25,1,7,6,2,1,1,1,26,2,0,2,1,3,1
TRAIN_082,87,0,0,0,9,4,4,1,0,1,2,1,0,9,1,7,6,1,0,1,0,37,1,0,2,3,3,1
TRAIN_083,26,0,0,0,9,9,4,0,3,1,2,0,5,9,0,6,6,1,0,1,0,29,2,0,2,1,3,0
TRAIN_084,21,0,1,0,5,3,11,0,0,1,2,0,0,25,1,7,6,2,1,2,1,51,1,0,1,2,2,1
TRAIN_085,47,0,0,0,9,4,4,0,0,1,2,1,5,6,1,3,6,2,0,1,0,19,1,1,2,3,1,1
TRAIN_086,56,0,0,0,9,9,4,0,3,1,3,0,7,6,1,7,6,1,0,2,0,73,5,0,2,2,5,0
TRAIN_087,13,0,0,0,8,0,4,0,3,1,3,1,5,25,0,3,6,2,0,1,0,18,6,1,2,5,3,0
TRAIN_088,18,0,0,0,10,4,11,0,2,1,3,0,7,9,0,7,6,1,1,2,0,19,1,0,4,2,3,0
TRAIN_089,2,3,1,0,5,3,11,1,3,1,3,1,5,9,1,7,6,2,0,1,1,1,3,1,2,1,4,0
TRAIN_090,57,0,0,0,12,9,4,0,0,1,2,1,7,9,1,7,6,2,0,1,0,54,2,1,2,1,2,0
TRAIN_091,0,3,0,0,12,4,11,1,3,1,1,1,5,6,1,7,6,0,0,1,0,2,1,0,1,1,1,0
TRAIN_092,13,0,0,0,9,9,4,1,3,1,3,1,7,6,1,3,6,2,1,1,0,21,3,0,2,1,2,0
TRAIN_093,0,0,0,0,9,9,4,2,3,0,2,1,5,6,0,6,6,1,0,1,0,17,1,1,1,1,1,0
TRAIN_094,42,0,0,0,10,2,4,0,1,0,2,1,5,9,0,7,6,2,1,1,0,16,1,3,1,1,1,0
TRAIN_095,21,0,0,0,9,8,11,1,3,0,2,1,5,6,1,6,6,1,1,1,0,69,3,0,4,1,2,1
TRAIN_096,3,0,0,0,9,4,4,0,3,1,3,1,7,6,1,7,6,2,1,1,0,42,3,0,2,2,1,0
TRAIN_097,10,0,0,0,9,2,3,1,3,0,3,0,5,6,1,7,6,1,1,2,0,29,1,0,2,1,3,0
TRAIN_098,31,3,0,0,10,9,4,1,3,1,2,0,7,9,1,7,6,2,0,1,0,29,3,0,2,2,6,0
TRAIN_099,22,0,0,0,10,9,4,2,0,0,0,0,5,25,2,7,6,1,1,1,0,22,2,0,4,1,3,0
TRAIN_100,28,0,0,0,12,9,4,0,3,1,2,1,5,9,0,7,6,2,1,1,0,1,3,0,3,2,1,0
TRAIN_101,31,0,0,0,12,9,8,0,0,1,5,0,3,11,1,7,6,1,0,1,0,38,5,0,3,1,6,0
TRAIN_102,0,3,0,0,12,9,4,0,3,1,3,1,5,6,1,6,6,0,0,1,0,32,1,1,2,2,3,0
TRAIN_103,31,0,0,0,10,0,1,0,3,1,2,1,5,9,1,7,6,1,0,1,0,36,4,0,4,3,5,0
TRAIN_104,59,3,0,0,8,9,11,0,3,1,1,1,7,21,1,7,6,1,0,1,0,13,1,3,2,1,4,0
TRAIN_105,10,1,0,0,12,9,4,1,3,1,2,1,7,9,1,7,6,1,0,1,0,22,1,2,3,3,5,0
TRAIN_106,73,0,1,0,5,3,11,1,3,1,4,1,5,6,1,7,6,1,0,1,2,18,2,2,2,1,2,1
TRAIN_107,16,0,0,0,9,4,4,1,3,1,1,1,7,9,1,3,6,1,1,1,0,22,3,0,3,2,3,0
TRAIN_108,24,0,0,0,9,0,4,1,3,1,1,0,5,19,1,7,6,2,1,1,0,17,1,0,1,1,5,1
TRAIN_109,34,0,1,0,5,3,1,0,3,1,2,1,7,9,1,7,6,2,1,1,1,9,5,0,6,3,5,0
TRAIN_110,26,0,1,0,5,3,4,0,0,1,4,0,5,9,1,7,6,2,1,1,1,17,2,0,3,4,3,0
TRAIN_111,6,0,0,0,10,9,4,0,3,1,2,1,5,21,0,3,5,1,1,2,0,24,4,0,4,2,1,1
TRAIN_112,13,0,1,0,5,3,11,0,0,1,2,1,7,9,1,7,6,2,1,1,2,9,2,1,2,1,4,0
TRAIN_113,8,0,0,0,9,4,4,0,3,0,2,0,5,6,1,7,6,1,0,1,0,14,1,0,1,1,1,0
TRAIN_114,11,0,0,0,10,4,11,0,0,1,2,0,7,9,0,3,6,1,1,1,0,17,1,0,1,1,1,0
TRAIN_115,11,0,0,0,9,4,4,2,0,0,1,1,0,21,1,3,6,2,0,1,0,16,1,0,1,2,1,0
TRAIN_116,22,0,0,0,10,4,4,0,3,1,2,1,7,9,1,7,6,1,1,1,0,9,3,0,1,3,6,0
TRAIN_117,76,0,1,0,5,3,4,0,3,1,1,0,5,6,0,7,6,2,0,2,1,14,1,1,3,3,4,1
TRAIN_118,38,0,1,0,5,3,4,0,3,1,2,1,5,9,1,7,6,1,1,2,1,84,2,0,2,3,2,0
TRAIN_119,35,0,0,0,9,9,4,1,0,0,2,1,5,9,1,3,6,1,1,1,0,29,1,0,1,2,3,0
TRAIN_120,54,0,0,0,10,8,4,2,3,0,1,1,5,6,2,7,6,1,1,2,0,10,3,1,3,1,1,0
TRAIN_121,7,0,0,0,8,8,1,0,3,1,4,1,7,9,1,7,6,1,0,1,0,35,2,2,1,2,1,0
TRAIN_122,2,0,0,0,8,4,4,1,3,1,2,1,7,25,1,3,6,2,1,1,0,40,7,0,4,4,6,0
TRAIN_123,34,0,0,0,10,9,4,0,3,1,2,1,7,9,1,3,6,2,0,1,0,1,1,0,3,1,2,0
TRAIN_124,16,0,0,0,12,4,4,0,3,1,4,1,5,9,1,7,6,2,1,1,0,97,3,2,2,3,5,1
TRAIN_125,16,0,0,0,12,9,4,0,3,1,2,1,7,25,1,7,6,2,0,1,0,35,2,0,2,3,3,0
TRAIN_126,11,0,0,0,9,9,4,0,3,1,2,0,5,25,0,7,6,1,0,1,0,12,1,0,3,1,1,0
TRAIN_127,30,0,0,0,9,6,4,1,3,1,1,1,7,9,1,7,6,2,1,1,0,36,1,0,2,2,2,0
TRAIN_128,73,0,0,0,12,9,4,0,3,1,3,0,7,9,1,7,6,1,0,2,0,43,2,0,1,3,3,0
TRAIN_129,20,0,0,0,9,9,4,0,3,1,2,1,7,9,1,7,6,2,1,1,0,32,3,1,3,2,4,0
TRAIN_130,30,2,0,0,8,4,4,0,3,1,1,1,5,9,1,7,6,1,0,2,0,60,2,0,4,1,2,0
TRAIN_131,13,0,0,0,10,9,4,1,3,1,2,1,7,25,1,7,6,2,0,1,0,84,2,0,3,3,5,0
TRAIN_132,27,0,0,0,8,8,4,2,3,0,2,1,5,9,1,7,6,1,0,1,0,6,2,2,2,4,4,0
TRAIN_133,15,0,0,0,9,4,4,0,3,1,2,0,5,25,1,3,6,1,0,1,0,27,2,0,4,1,1,0
TRAIN_134,38,0,1,0,5,3,4,2,0,0,3,1,5,21,1,7,6,2,1,1,2,21,3,0,3,3,3,1
TRAIN_135,27,0,0,0,9,4,4,0,3,1,1,1,7,9,1,7,6,2,1,1,0,34,2,0,3,3,4,0
TRAIN_136,22,0,1,0,5,3,4,0,3,1,3,1,7,6,1,7,6,1,0,1,1,17,4,1,1,1,1,1
TRAIN_137,18,0,0,0,9,4,11,1,3,1,1,1,5,6,1,3,6,1,1,1,0,23,2,0,1,1,4,0
TRAIN_138,8,0,0,0,9,9,4,0,3,1,2,0,7,6,1,6,6,2,1,3,0,17,2,1,2,1,2,0
TRAIN_139,69,0,0,0,9,9,4,2,3,0,2,1,5,6,1,6,6,1,1,1,0,16,1,0,1,1,1,0
TRAIN_140,18,0,0,0,9,0,1,0,3,1,3,1,7,6,1,3,6,1,0,1,0,35,1,0,2,1,1,0
TRAIN_141,62,2,0,0,12,0,4,1,1,0,2,0,7,9,2,3,6,2,0,1,0,8,1,2,3,2,3,0
TRAIN_142,31,0,0,0,10,8,4,2,3,0,2,1,5,6,1,7,6,1,0,1,0,8,2,2,1,2,3,0
TRAIN_143,84,0,1,0,5,3,1,0,3,1,2,1,5,9,1,6,6,2,1,1,1,95,3,0,4,2,2,0
TRAIN_144,58,1,0,0,10,4,1,0,3,1,2,0,5,9,1,7,6,1,0,1,0,63,3,1,2,1,2,0
TRAIN_145,1,0,0,0,9,4,4,2,0,0,1,1,7,6,1,3,6,1,1,1,0,23,2,0,2,2,1,0
TRAIN_146,8,0,1,0,5,3,1,0,3,1,1,1,5,25,1,3,6,1,1,1,1,18,1,0,1,1,1,0
TRAIN_147,31,0,0,0,8,9,4,0,2,1,1,1,5,25,1,3,6,1,0,1,0,14,1,0,2,1,2,1
TRAIN_148,54,0,0,0,10,9,9,0,0,1,3,1,7,25,0,3,6,1,1,1,0,15,4,0,4,2,4,0
TRAIN_149,30,0,0,0,9,9,4,2,3,0,2,0,5,6,1,3,6,1,0,1,0,18,3,0,2,2,3,0
TRAIN_150,10,0,1,0,5,3,4,1,3,1,1,0,5,25,1,3,6,2,1,1,1,38,2,0,4,1,5,1
TRAIN_151,18,0,0,0,9,4,11,1,3,1,2,1,5,6,1,7,6,1,1,1,0,40,2,2,2,2,3,0
TRAIN_152,18,0,1,0,5,3,1,0,0,1,1,0,5,25,1,7,6,2,1,1,2,13,1,0,5,2,3,1
TRAIN_153,31,0,1,0,5,3,4,2,0,0,2,1,5,9,2,7,6,1,0,2,1,1,4,0,4,1,6,0
TRAIN_154,65,0,0,0,9,0,1,1,0,0,2,1,5,9,0,3,6,1,1,2,0,54,2,2,4,3,4,0
TRAIN_155,68,1,0,0,10,8,11,0,3,1,2,1,7,6,1,7,6,2,0,1,0,37,3,0,2,3,4,0
TRAIN_156,48,0,0,0,8,4,4,1,3,1,2,0,5,21,1,3,6,1,0,1,0,37,3,0,3,2,4,0
TRAIN_157,48,0,0,0,12,0,2,0,3,1,4,1,7,21,1,3,6,1,1,1,0,24,2,0,5,1,6,0
TRAIN_158,11,0,0,0,9,6,1,1,3,0,2,1,7,25,0,3,6,2,1,2,0,82,4,0,3,1,1,0
TRAIN_159,57,0,0,0,8,4,11,0,3,1,6,1,5,6,1,7,6,2,0,1,0,27,2,2,3,2,1,0
TRAIN_160,8,3,1,0,5,3,4,1,3,1,2,0,5,21,1,7,6,1,0,1,1,84,3,1,1,1,1,0
TRAIN_161,38,0,1,0,5,3,4,1,3,1,2,0,7,6,0,7,6,1,1,1,2,9,1,0,1,3,2,1
TRAIN_162,26,0,0,0,9,0,11,1,3,0,1,0,7,6,1,7,6,2,0,2,0,63,3,0,2,2,4,0
TRAIN_163,8,0,0,0,9,0,4,0,3,1,2,1,7,9,1,7,6,1,0,1,0,5,3,0,3,3,1,0
TRAIN_164,54,0,0,0,10,4,1,0,3,1,1,1,7,9,1,7,6,1,1,1,0,10,1,1,1,1,2,0
TRAIN_165,31,0,1,0,5,3,11,0,3,1,3,1,0,9,2,7,6,1,0,2,1,55,2,0,1,1,3,0
TRAIN_166,1,0,1,0,5,3,11,2,0,0,4,1,7,6,1,7,6,2,1,3,3,17,3,2,4,2,1,1
TRAIN_167,18,0,0,0,12,4,4,0,0,1,2,1,5,9,1,7,6,1,0,1,0,8,2,0,4,1,2,0
TRAIN_168,27,0,1,0,5,3,1,0,3,1,3,1,5,9,1,7,6,2,0,2,2,14,1,1,3,2,4,0
TRAIN_169,27,3,1,0,5,3,4,0,3,1,2,1,7,25,1,3,6,2,1,1,1,13,5,1,2,3,1,0
TRAIN_170,18,0,0,0,8,8,11,0,3,1,1,0,5,6,1,7,6,1,0,1,0,10,1,2,2,3,3,1
TRAIN_171,50,3,0,0,10,2,9,0,3,1,2,1,7,6,1,7,6,1,0,1,0,11,2,1,2,3,3,0
TRAIN_172,18,0,0,0,12,4,11,0,3,1,3,1,5,6,0,7,6,1,1,1,0,14,5,0,4,3,1,0
TRAIN_173,16,0,0,0,9,0,9,0,0,1,2,0,5,21,1,7,6,2,1,1,0,48,3,0,2,3,1,0
TRAIN_174,47,0,0,0,9,6,4,0,0,1,2,1,7,6,1,3,6,2,1,1,0,23,3,1,3,3,5,0
TRAIN_175,70,0,0,0,8,2,1,1,3,1,3,1,7,9,2,3,6,2,1,1,0,19,1,1,2,1,4,1
TRAIN_176,35,0,0,0,12,4,11,1,0,0,2,1,7,6,2,3,6,1,0,1,0,49,1,0,1,1,4,1
TRAIN_177,11,0,0,0,9,8,4,1,3,1,3,1,7,25,2,7,6,1,1,1,0,27,2,0,3,2,3,0
TRAIN_178,11,0,0,0,10,9,11,0,0,1,2,1,7,6,1,7,6,2,0,1,0,26,1,0,3,2,1,0
TRAIN_179,22,0,1,0,5,3,11,1,3,1,1,1,7,25,2,7,6,1,0,2,1,47,2,1,2,2,3,1
TRAIN_180,27,0,1,0,5,3,4,2,3,0,2,0,0,6,2,3,6,1,1,1,1,11,1,2,1,1,1,1
TRAIN_181,13,0,0,0,9,9,4,2,3,0,2,1,0,6,1,2,6,2,1,1,0,35,1,0,1,2,4,0
TRAIN_182,16,0,1,0,5,3,11,1,3,1,3,0,7,9,1,7,6,2,1,1,2,25,6,0,4,3,4,0
TRAIN_183,13,0,0,1,9,9,4,1,0,1,3,0,7,25,2,7,6,1,1,1,0,52,3,0,3,2,3,1
TRAIN_184,20,0,0,0,12,9,4,2,3,0,3,1,5,9,0,7,6,1,1,2,0,19,1,0,1,1,1,0
TRAIN_185,24,0,0,0,9,9,4,0,3,0,2,1,7,9,0,7,6,2,0,1,0,53,1,0,3,1,1,0
TRAIN_186,36,0,0,0,10,0,9,0,2,1,4,0,0,25,0,3,6,1,0,1,0,40,4,0,1,3,4,0
TRAIN_187,4,3,1,0,5,3,4,0,3,1,4,1,5,6,1,3,6,2,1,1,1,1,2,1,2,2,3,1
TRAIN_188,2,0,0,0,9,9,4,1,3,1,3,0,7,9,1,7,6,1,1,1,0,26,3,0,3,2,3,0
TRAIN_189,24,0,0,0,9,4,4,0,0,1,6,0,5,25,0,7,6,1,0,2,0,47,2,0,3,3,4,0
TRAIN_190,84,0,0,0,9,4,4,0,3,1,2,1,0,25,1,7,6,2,1,1,0,47,3,0,4,2,4,0
TRAIN_191,29,0,0,0,9,9,4,1,3,1,2,1,7,6,1,3,6,2,1,1,0,16,3,0,3,2,4,1
TRAIN_192,11,0,0,0,12,8,4,2,0,0,2,1,7,25,1,7,6,1,1,1,0,38,1,0,1,2,3,0
TRAIN_193,45,0,1,0,5,3,4,1,3,1,2,0,0,9,2,7,6,2,1,1,2,21,1,2,3,2,1,1
TRAIN_194,22,3,0,0,9,9,4,0,3,1,5,1,7,9,1,7,6,1,0,2,0,29,1,0,2,1,1,0
TRAIN_195,22,0,0,0,9,9,1,0,3,0,6,1,5,9,1,3,6,1,1,1,0,19,2,1,3,2,4,0
TRAIN_196,83,0,0,0,9,4,4,1,3,1,1,1,0,9,1,7,6,1,1,1,0,31,1,0,1,2,1,0
TRAIN_197,27,0,0,0,9,9,11,0,3,0,2,1,0,25,0,3,6,1,1,1,0,27,4,0,1,2,3,0
TRAIN_198,65,0,0,0,10,0,4,0,3,1,2,1,5,6,1,6,6,2,1,1,0,40,3,0,2,2,2,1
TRAIN_199,35,0,0,0,12,9,11,0,0,0,4,1,7,6,1,7,6,2,1,1,0,38,2,0,2,1,2,1
TRAIN_200,24,0,0,0,9,6,4,0,3,1,10,1,7,9,0,7,6,2,0,1,0,13,3,0,3,2,1,0
TRAIN_201,81,0,0,0,6,4,4,0,3,1,3,1,7,21,1,6,6,1,0,2,0,39,2,1,2,3,4,0
TRAIN_202,18,0,0,0,12,8,11,0,3,1,4,1,5,9,2,7,6,1,1,1,0,30,5,0,2,3,4,0
TRAIN_203,28,0,0,0,12,4,11,1,3,1,2,1,7,6,1,6,6,2,1,1,0,27,3,0,4,1,2,0
TRAIN_204,25,1,0,0,9,9,4,0,0,0,1,1,5,9,1,7,6,1,1,1,0,74,2,1,2,2,3,0
TRAIN_205,0,0,0,0,9,9,11,1,3,1,2,1,7,9,1,6,6,0,0,1,0,17,3,0,3,2,1,1
TRAIN_206,22,0,1,0,5,3,4,2,3,0,2,1,7,6,0,6,6,1,0,2,1,13,1,0,1,2,3,0
TRAIN_207,55,0,0,0,10,4,4,0,3,1,2,1,0,9,0,7,6,1,1,1,0,46,4,2,2,5,1,1
TRAIN_208,6,0,0,0,9,8,11,1,3,1,2,0,7,9,1,3,3,1,1,1,0,20,1,0,2,1,3,0
TRAIN_209,13,0,0,0,10,6,11,1,3,1,2,1,5,25,1,7,6,2,1,1,0,25,2,0,6,4,2,0
TRAIN_210,18,0,1,0,5,3,4,0,0,0,2,0,7,9,1,7,6,2,0,1,1,26,2,1,3,3,3,1
TRAIN_211,27,0,1,0,5,3,11,0,3,1,2,0,5,21,1,3,6,2,0,1,2,31,4,0,3,5,5,0
TRAIN_212,8,0,0,0,10,6,1,0,3,1,3,1,7,9,1,7,6,1,0,1,0,48,1,0,2,2,4,0
TRAIN_213,8,0,1,0,5,3,11,0,3,1,2,0,0,6,1,3,6,2,1,1,2,38,2,1,2,1,2,0
TRAIN_214,9,3,0,0,10,8,9,0,3,1,3,1,5,6,0,3,6,2,1,1,0,4,2,1,2,1,6,0
TRAIN_215,2,0,1,0,5,3,11,1,0,0,2,1,5,6,2,7,6,2,1,1,1,35,1,2,2,1,1,1
TRAIN_216,1,0,1,0,5,3,4,2,3,0,2,1,7,6,1,7,6,2,0,1,1,6,1,2,1,2,1,0
TRAIN_217,27,0,0,0,12,8,4,0,3,1,2,1,5,6,1,3,6,1,0,1,0,23,1,2,2,2,2,0
TRAIN_218,18,0,0,0,9,9,4,1,3,0,4,0,5,9,2,7,2,1,0,3,0,55,3,0,1,1,2,1
TRAIN_219,1,0,0,0,12,4,4,1,3,1,2,1,7,6,1,7,6,2,1,1,0,7,1,0,3,2,3,0
TRAIN_220,24,3,0,0,10,8,4,1,3,1,2,1,7,9,2,6,6,1,0,1,0,14,4,1,1,3,3,1
TRAIN_221,11,3,0,0,9,8,1,0,3,1,3,1,5,6,1,7,6,2,0,2,0,49,3,1,3,2,5,0
TRAIN_222,24,0,0,0,10,8,11,0,3,1,2,1,5,6,1,7,6,1,1,1,0,24,1,0,1,2,1,0
TRAIN_223,24,0,0,0,9,9,11,0,0,1,4,0,7,25,2,7,6,1,0,1,0,13,4,0,3,2,2,0
TRAIN_224,42,0,0,0,10,4,4,0,3,1,2,1,5,9,1,7,6,1,1,1,0,43,4,0,2,1,1,0
TRAIN_225,79,0,0,0,10,4,1,0,3,1,2,1,5,9,1,7,6,1,0,1,0,39,1,2,4,3,5,1
TRAIN_226,33,0,0,0,9,9,4,0,3,1,2,1,7,25,1,7,6,1,0,1,0,16,3,0,3,2,1,0
TRAIN_227,10,0,0,0,9,4,4,1,0,0,2,1,5,6,2,7,6,1,1,2,0,27,2,1,1,1,1,0
TRAIN_228,22,0,0,0,10,9,4,0,3,1,1,1,0,25,1,3,6,1,1,1,0,49,2,0,1,2,3,0
TRAIN_229,15,0,0,0,9,9,4,1,0,1,3,1,7,25,1,7,6,2,1,1,0,35,2,0,4,1,4,1
TRAIN_230,81,0,0,0,12,9,4,2,3,0,1,1,7,21,1,3,6,1,0,1,0,19,1,0,1,2,1,0
TRAIN_231,83,0,0,0,9,9,4,1,0,1,2,1,5,6,1,6,6,1,0,1,0,35,1,2,2,2,1,0
TRAIN_232,64,3,0,0,8,0,4,2,3,0,1,1,7,21,1,3,4,1,0,1,0,46,3,0,1,3,1,1
TRAIN_233,3,0,1,0,5,3,4,0,3,1,2,1,7,6,1,7,6,2,1,1,1,4,1,1,4,1,1,1
TRAIN_234,35,0,1,0,5,3,4,2,3,1,2,1,7,6,1,7,6,2,1,1,2,17,1,0,1,2,2,0
TRAIN_235,28,0,0,0,10,0,4,1,3,0,2,1,5,25,1,7,6,1,1,1,0,10,2,0,6,5,6,0
TRAIN_236,44,0,0,0,9,9,4,0,3,0,3,1,7,9,2,7,6,2,1,1,0,31,4,2,2,2,2,0
TRAIN_237,20,0,0,0,9,4,4,0,3,1,1,0,5,6,0,7,6,1,1,1,0,32,2,2,1,1,3,1
TRAIN_238,30,0,1,0,5,3,4,0,3,1,2,0,5,9,1,3,6,2,0,1,1,20,2,1,1,2,1,0
TRAIN_239,11,0,0,0,9,8,4,1,3,1,2,0,5,6,1,3,6,2,1,1,0,23,1,0,2,1,1,0
TRAIN_240,8,0,0,0,9,4,4,1,3,1,2,1,7,25,1,7,6,1,0,1,0,39,1,0,2,1,3,1
TRAIN_241,29,0,0,0,9,2,4,1,0,0,1,1,5,16,2,7,6,1,0,1,0,25,4,0,2,1,1,0
TRAIN_242,61,1,0,0,10,4,11,1,3,0,2,1,7,25,1,7,6,2,1,1,0,66,3,0,2,3,5,0
TRAIN_243,18,0,1,0,5,3,4,1,3,0,1,1,5,9,1,6,6,1,1,1,1,16,2,0,3,1,2,0
TRAIN_244,56,0,0,0,9,4,4,2,3,1,2,1,7,6,1,7,6,2,0,1,0,52,0,0,1,2,2,0
TRAIN_245,1,0,1,0,5,3,4,2,3,1,2,1,7,21,1,7,6,2,0,2,2,32,1,2,2,1,3,1
TRAIN_246,16,0,1,0,5,3,4,0,3,1,3,1,5,9,0,7,6,2,1,1,1,19,2,1,1,3,4,0
TRAIN_247,48,0,1,0,5,3,4,0,3,0,4,1,5,25,0,3,6,2,1,1,1,8,1,0,2,1,6,1
TRAIN_248,38,0,0,0,9,2,4,2,3,0,1,1,5,6,1,7,6,1,1,2,0,6,1,0,4,1,1,0
TRAIN_249,75,0,0,0,9,9,4,1,3,1,2,1,7,6,1,6,6,2,0,1,0,6,1,0,2,3,1,0
TRAIN_250,47,0,0,0,9,9,11,2,3,1,1,1,7,9,1,7,6,1,0,1,0,43,4,0,2,2,1,0
TRAIN_251,83,0,0,0,10,0,11,1,3,1,4,1,7,9,0,7,6,1,0,1,0,22,2,0,2,2,3,0
TRAIN_252,3,0,0,0,9,0,11,0,0,1,6,1,7,6,1,6,6,2,0,1,0,33,4,2,2,2,3,0
TRAIN_253,48,1,0,0,10,4,11,0,3,1,4,1,7,9,0,3,6,1,0,1,0,23,4,1,3,2,6,1
TRAIN_254,56,0,0,0,9,9,4,1,3,1,2,1,5,6,2,7,6,2,0,2,0,13,3,0,4,1,3,0
TRAIN_255,75,0,0,0,10,4,11,1,3,1,2,0,5,25,1,3,6,2,1,1,0,18,2,0,4,3,3,0
TRAIN_256,11,0,0,0,9,4,4,0,3,0,1,1,7,9,0,3,6,2,1,2,0,44,3,0,3,2,2,1
TRAIN_257,15,0,0,0,9,0,11,0,3,1,2,1,5,6,1,6,6,1,0,2,0,6,2,0,2,1,1,0
TRAIN_258,4,0,0,0,8,9,11,1,3,1,3,1,7,9,1,6,6,1,0,1,0,25,1,0,2,1,2,0
TRAIN_259,3,0,1,0,5,3,4,1,0,0,3,1,7,21,1,3,6,2,1,1,1,18,4,1,3,1,5,0
TRAIN_260,2,0,1,0,5,3,9,1,0,1,2,0,7,9,0,3,6,1,1,1,1,10,1,0,4,1,1,1
TRAIN_261,11,0,0,0,9,0,4,0,0,1,1,1,0,9,1,7,6,2,1,1,0,6,1,0,3,1,3,0
TRAIN_262,30,0,0,0,8,9,4,1,3,0,2,1,0,9,2,3,6,2,1,2,0,28,2,0,3,1,1,1
TRAIN_263,24,0,0,0,8,8,4,1,3,0,2,1,5,9,1,3,6,2,1,2,0,24,2,0,2,3,3,1
TRAIN_264,0,0,0,0,9,6,4,1,0,1,2,0,7,9,2,3,6,0,0,2,0,20,1,0,2,1,4,1
TRAIN_265,17,0,0,0,9,4,4,0,3,1,2,1,7,25,2,7,6,2,0,2,0,29,1,1,3,3,2,1
TRAIN_266,16,0,0,0,9,9,4,1,3,1,5,1,7,9,1,7,6,1,1,1,0,18,3,2,4,3,4,0
TRAIN_267,16,0,1,0,5,3,4,0,3,0,6,1,5,25,1,7,6,2,1,1,1,32,3,1,3,3,2,1
TRAIN_268,13,0,0,0,9,4,9,0,3,1,2,1,7,6,1,7,6,2,1,1,0,29,3,0,3,2,3,1
TRAIN_269,86,0,0,0,10,6,4,1,3,1,2,1,7,21,1,7,6,1,0,1,0,33,1,0,3,1,1,0
TRAIN_270,22,0,1,0,5,3,4,2,0,0,2,1,7,9,1,7,6,1,0,1,1,38,1,2,2,1,5,1
TRAIN_271,2,2,0,0,9,0,4,1,1,0,3,0,7,6,1,7,6,2,0,1,0,40,1,1,5,3,3,1
TRAIN_272,24,0,1,0,5,3,4,0,3,1,1,1,7,9,0,7,6,2,1,1,2,72,1,0,2,2,4,1
TRAIN_273,52,0,0,0,8,4,4,0,3,1,2,1,5,9,0,7,6,1,1,1,0,27,1,1,1,2,2,1
TRAIN_274,56,0,0,0,9,2,4,1,0,1,2,0,5,9,1,6,6,1,0,1,0,17,2,0,2,4,3,0
TRAIN_275,16,0,1,0,5,3,1,0,3,1,24,0,5,6,1,7,6,2,0,1,1,9,2,3,3,2,2,1
TRAIN_276,56,0,0,0,9,9,4,1,3,1,1,1,7,9,2,7,6,1,1,1,0,21,1,0,3,1,1,0
TRAIN_277,15,0,0,0,9,9,4,0,3,1,2,0,0,9,2,3,6,1,1,1,0,10,1,0,1,2,2,0
TRAIN_278,32,0,0,0,9,8,4,0,3,1,3,1,5,9,1,3,6,2,0,1,0,10,1,1,2,1,4,0
TRAIN_279,39,0,0,0,12,9,4,1,3,0,1,0,7,25,1,7,6,2,1,1,0,35,3,0,2,2,2,0
TRAIN_280,0,0,0,0,9,9,4,1,3,1,1,0,7,9,1,3,6,0,0,1,0,17,6,1,5,4,6,1
TRAIN_281,3,0,0,0,9,9,4,0,3,1,2,0,7,21,1,7,6,2,0,1,0,165,1,0,3,2,2,1
TRAIN_282,3,0,0,0,9,8,4,1,3,0,2,0,7,6,2,7,6,1,1,1,0,38,2,0,1,1,2,1
TRAIN_283,30,0,0,0,9,9,4,2,3,0,1,1,7,6,1,3,6,1,1,1,0,24,1,0,2,1,1,0
TRAIN_284,27,0,0,0,8,4,4,0,3,1,2,1,7,6,1,7,6,2,0,1,0,17,1,0,2,1,1,1
TRAIN_285,24,0,0,0,9,9,4,1,0,1,2,1,5,25,1,7,6,1,0,1,0,25,2,0,2,1,3,0
TRAIN_286,82,0,0,0,8,4,4,1,3,1,2,0,7,9,1,7,6,1,1,2,0,17,4,0,4,1,3,0
TRAIN_287,20,0,0,0,9,9,1,0,3,1,1,1,5,9,1,7,6,2,0,1,0,21,1,1,2,1,2,0
TRAIN_288,18,0,0,0,9,0,1,0,3,1,2,0,5,6,1,6,6,2,1,1,0,26,1,3,1,3,1,1
TRAIN_289,31,0,0,0,8,4,11,1,0,1,2,1,5,9,1,7,6,1,0,1,0,21,1,2,2,2,5,1
TRAIN_290,3,3,1,0,5,3,1,1,3,1,1,0,5,6,2,7,6,1,1,1,1,10,1,1,1,1,1,0
TRAIN_291,32,0,0,0,9,9,4,0,3,1,3,1,7,25,2,7,6,2,1,2,0,40,1,0,3,3,3,1
TRAIN_292,0,0,0,0,9,9,9,0,3,1,1,1,0,25,2,3,6,0,0,1,0,62,2,0,3,3,1,0
TRAIN_293,6,2,0,0,12,8,11,0,3,0,2,0,5,9,1,7,6,1,0,3,0,19,4,1,2,1,4,0
TRAIN_294,33,0,0,0,9,0,4,1,0,0,3,1,7,6,2,6,6,1,0,1,0,23,3,0,1,1,2,0
TRAIN_295,16,0,0,0,10,9,11,0,3,1,2,0,7,9,0,7,6,1,0,2,0,6,1,0,5,1,1,0
TRAIN_296,17,0,0,0,9,4,4,1,3,0,2,1,7,6,2,6,6,1,1,1,0,20,3,0,2,1,3,0
TRAIN_297,30,0,0,0,9,4,11,0,3,1,2,1,0,25,0,3,6,1,1,1,0,26,1,0,1,1,1,0
TRAIN_298,38,0,1,0,5,3,4,0,0,0,2,1,7,9,0,7,6,1,1,1,1,31,1,0,2,2,5,0
TRAIN_299,36,0,0,0,10,0,1,1,0,1,2,1,5,9,2,6,6,2,1,1,0,46,2,0,5,2,3,0
TRAIN_300,20,0,0,0,9,9,4,0,3,1,1,0,5,12,1,6,6,1,1,1,0,17,2,0,3,1,2,0
TRAIN_301,38,2,0,0,12,9,4,1,1,1,2,1,0,6,1,3,6,1,1,2,0,17,1,1,1,1,3,1
TRAIN_302,27,0,1,0,5,3,11,0,3,1,3,1,7,23,0,6,6,2,0,1,1,16,1,0,3,1,3,1
TRAIN_303,3,0,0,0,9,4,1,0,3,1,2,0,5,9,0,7,6,1,1,1,0,54,1,0,2,1,2,0
TRAIN_304,15,0,0,0,12,9,4,2,0,0,0,0,7,9,1,6,6,1,0,1,0,29,1,0,1,3,5,1
TRAIN_305,27,0,1,0,5,3,4,1,3,1,1,0,7,6,1,3,6,1,0,1,2,27,3,2,3,3,1,0
TRAIN_306,24,3,0,0,9,9,11,1,3,1,1,1,7,6,1,6,6,2,0,2,0,6,2,2,2,3,5,0
TRAIN_307,13,0,0,0,8,8,11,0,0,1,1,0,0,25,1,3,6,2,0,1,0,34,1,0,1,2,3,0
TRAIN_308,62,0,0,0,10,9,4,1,3,1,2,1,5,9,1,7,6,2,1,2,0,20,2,1,2,1,4,0
TRAIN_309,52,0,0,0,9,4,9,0,3,1,4,0,0,6,1,3,6,1,1,1,0,39,2,2,2,3,4,0
TRAIN_310,17,2,0,0,9,9,4,0,3,1,4,0,7,9,1,7,6,2,0,1,0,23,1,1,1,1,2,0
TRAIN_311,3,0,0,0,9,9,4,0,3,1,2,1,7,6,1,3,6,2,0,1,0,19,2,0,2,1,2,0
TRAIN_312,35,0,0,0,9,8,11,0,3,1,2,0,5,9,1,7,6,1,1,1,0,41,2,0,3,2,2,0
TRAIN_313,13,0,0,0,9,9,11,0,3,1,2,1,5,9,1,3,6,2,0,1,0,17,2,0,3,2,3,0
TRAIN_314,81,0,0,0,9,0,11,0,3,1,4,1,7,21,1,6,6,2,0,1,0,53,3,0,6,6,5,0
TRAIN_315,66,3,0,0,10,0,4,0,3,1,2,0,0,9,1,7,6,2,0,1,0,13,2,0,1,4,4,0
TRAIN_316,22,0,0,0,9,0,4,0,3,1,2,1,5,25,1,3,6,1,0,1,0,4,5,0,3,3,4,0
TRAIN_317,21,2,0,0,12,9,11,0,1,1,6,1,7,6,0,7,6,1,0,1,0,17,1,0,3,1,2,0
TRAIN_318,20,0,1,0,5,3,11,1,3,1,3,0,7,9,1,7,6,2,1,1,1,23,3,2,2,2,5,0
TRAIN_319,31,0,0,0,9,4,4,0,3,1,2,1,5,9,1,7,6,1,0,1,0,3,2,1,3,2,1,0
TRAIN_320,22,3,0,0,10,4,4,0,3,1,2,1,7,6,1,7,6,1,0,2,0,54,3,1,2,4,5,0
TRAIN_321,25,0,1,0,5,3,1,2,3,0,1,1,0,6,1,3,6,1,1,1,2,16,1,0,1,1,2,0
TRAIN_322,91,0,0,0,9,4,4,1,3,1,2,0,0,9,1,6,6,1,1,2,0,38,4,0,2,2,4,0
TRAIN_323,2,0,0,0,10,6,9,0,3,0,1,1,7,21,2,7,6,2,0,1,0,26,1,0,3,2,3,0
TRAIN_324,27,0,0,0,10,8,4,1,3,0,1,1,5,25,1,7,6,1,0,1,0,14,1,0,1,1,1,0
TRAIN_325,0,0,0,1,9,4,4,0,3,1,2,1,7,25,2,7,6,0,0,1,0,23,1,0,1,2,1,0
TRAIN_326,47,0,0,0,9,9,4,0,3,1,2,1,7,21,1,7,6,1,0,2,0,6,3,0,4,3,5,0
TRAIN_327,56,0,0,0,9,9,1,1,3,1,2,0,5,9,1,6,6,1,0,1,0,15,2,1,1,1,1,1
TRAIN_328,19,0,0,0,9,4,4,2,3,0,2,1,7,25,0,3,6,1,0,1,0,16,1,0,2,1,2,0
TRAIN_329,28,0,0,0,9,4,4,1,3,1,2,1,7,9,1,6,6,1,1,2,0,17,2,0,1,3,4,0
TRAIN_330,2,0,0,0,9,4,4,2,3,0,2,1,7,25,1,3,6,1,0,2,0,14,1,0,2,1,4,0
TRAIN_331,13,0,0,0,9,9,4,0,3,1,2,0,5,9,1,7,6,1,1,1,0,18,4,0,1,1,1,0
TRAIN_332,17,0,0,0,9,9,4,2,3,0,2,1,5,24,0,6,6,1,1,1,0,14,1,1,0,1,1,0
TRAIN_333,18,0,0,0,9,4,4,0,3,1,2,1,7,6,1,7,6,2,1,1,0,22,2,0,2,2,1,0
TRAIN_334,42,0,0,0,9,0,6,0,0,1,3,0,4,7,1,3,6,1,1,2,0,99,3,0,6,2,9,1
TRAIN_335,4,0,0,0,9,8,11,1,3,1,3,0,5,25,1,7,6,2,1,1,0,50,4,2,1,2,1,0
TRAIN_336,1,0,0,0,12,0,4,0,3,1,5,1,7,21,1,7,6,2,0,1,0,16,2,2,3,2,1,1
TRAIN_337,13,0,1,0,5,3,11,2,3,1,1,1,5,6,2,3,6,2,1,3,1,12,2,1,1,2,3,0
TRAIN_338,13,0,1,0,5,3,4,2,0,0,1,0,5,9,1,7,6,2,1,1,4,6,1,0,4,1,2,1
TRAIN_339,57,0,0,0,9,9,9,0,3,1,2,0,7,6,0,6,6,2,0,2,0,27,3,0,4,3,6,0
TRAIN_340,48,0,1,0,5,3,11,0,3,1,1,1,7,9,2,7,6,1,1,1,1,5,2,0,2,3,4,1
TRAIN_341,20,0,0,0,9,9,4,0,3,0,2,1,7,9,2,7,6,2,1,1,0,27,1,0,2,2,4,1
TRAIN_342,28,0,0,0,10,9,11,1,3,0,1,1,7,25,0,7,6,1,1,1,0,20,1,0,2,1,5,1
TRAIN_343,4,0,0,0,12,9,4,0,3,1,2,1,0,9,0,7,6,1,1,2,0,8,5,1,3,1,2,0
TRAIN_344,60,0,0,0,8,8,11,0,3,1,2,1,7,6,1,7,6,1,1,1,0,6,1,0,1,1,1,0
TRAIN_345,38,0,0,0,8,4,4,0,3,1,2,1,0,25,1,6,6,2,1,1,0,43,3,0,4,1,5,0
TRAIN_346,11,0,0,0,9,8,4,2,0,0,1,0,5,9,1,3,6,1,0,1,0,19,2,1,3,2,2,1
TRAIN_347,22,0,0,0,9,4,1,0,0,1,1,1,7,9,1,7,6,1,1,1,0,6,1,0,2,1,3,1
TRAIN_348,19,3,0,0,12,9,4,1,3,1,3,1,5,21,2,7,6,1,1,2,0,33,3,1,2,2,2,0
TRAIN_349,56,0,0,0,9,4,4,1,3,1,2,1,7,6,1,7,6,2,1,1,0,15,1,1,1,2,1,0
TRAIN_350,20,0,0,0,9,9,4,2,3,0,1,1,7,6,0,7,6,2,0,1,0,24,1,1,2,1,1,1
TRAIN_351,0,2,0,0,10,9,4,2,1,0,1,0,5,25,1,7,6,1,0,1,0,1,3,0,3,2,3,0
TRAIN_352,20,0,0,0,9,9,4,0,0,0,2,1,7,6,1,7,6,2,1,1,0,18,1,1,2,1,3,0
TRAIN_353,16,0,0,0,12,6,4,1,3,0,1,1,7,21,1,3,6,2,1,1,0,16,1,0,2,4,4,1
TRAIN_354,22,3,0,0,9,4,4,1,3,1,4,1,7,6,1,7,6,1,0,1,0,27,3,0,3,4,1,0
TRAIN_355,86,0,0,0,9,2,4,0,3,0,2,1,5,6,1,3,6,1,0,2,0,18,2,0,1,4,3,0
TRAIN_356,11,0,0,0,9,4,11,0,3,1,4,1,7,6,0,6,6,1,0,2,0,27,1,0,2,1,1,0
TRAIN_357,20,3,0,0,9,4,4,2,3,0,4,1,7,6,1,7,6,1,0,1,0,24,1,1,2,1,3,1
TRAIN_358,32,0,0,0,9,4,11,1,3,1,1,0,5,6,1,6,6,1,1,1,0,47,1,1,1,1,4,1
TRAIN_359,56,0,0,0,9,9,4,2,3,0,1,0,5,6,1,3,6,2,0,1,0,20,1,0,1,1,2,0
TRAIN_360,85,0,0,0,10,4,4,0,3,1,2,1,5,6,1,7,6,1,1,1,0,24,1,0,3,4,1,1
TRAIN_361,16,0,0,0,12,9,4,1,3,0,2,1,5,6,1,6,6,2,0,1,0,12,1,0,1,2,2,0
TRAIN_362,47,0,0,0,8,4,1,0,0,1,3,1,7,25,1,7,6,2,1,2,0,30,2,0,6,2,4,0
TRAIN_363,3,0,1,0,5,3,11,0,3,1,4,1,7,9,0,7,6,2,0,1,1,43,1,2,1,1,6,1
TRAIN_364,26,0,0,0,9,4,4,0,3,1,3,0,7,25,1,7,6,1,1,1,0,14,1,0,2,1,2,0
TRAIN_365,20,0,0,0,9,4,4,1,3,1,2,0,7,6,0,3,6,1,0,1,0,29,1,0,3,1,3,0
TRAIN_366,56,0,0,0,9,4,4,0,3,1,2,1,7,6,1,7,6,1,0,1,0,17,3,0,3,2,2,0
TRAIN_367,27,0,0,0,9,8,4,1,3,1,2,1,7,25,1,6,6,1,0,1,0,17,1,0,2,1,2,0
TRAIN_368,20,0,0,0,12,9,4,0,0,0,5,1,7,6,0,7,6,1,0,2,0,32,1,0,1,1,4,1
TRAIN_369,35,0,0,0,9,4,4,1,3,1,2,1,7,6,2,7,6,1,0,1,0,7,2,0,1,2,1,0
TRAIN_370,60,0,0,0,9,4,4,1,0,1,2,0,5,6,1,3,6,1,0,1,0,21,1,0,1,3,6,0
TRAIN_371,15,0,0,0,9,9,11,1,3,1,4,0,7,6,1,6,6,1,0,1,0,17,1,0,1,2,1,0
TRAIN_372,59,0,0,0,9,9,11,1,3,1,2,1,7,9,1,3,6,1,1,1,0,23,4,0,2,2,5,0
TRAIN_373,2,0,1,0,5,3,4,2,3,1,2,1,7,6,1,7,6,2,1,1,1,22,1,1,4,1,1,1
TRAIN_374,62,0,0,0,10,9,4,1,3,1,2,0,5,6,2,7,6,2,1,2,0,38,2,0,2,2,1,0
TRAIN_375,18,0,0,0,10,8,4,1,3,1,1,1,5,9,2,6,6,1,1,1,0,22,1,0,1,1,1,0
TRAIN_376,1,0,0,0,9,4,1,1,3,1,7,1,7,25,1,7,6,2,1,2,0,6,1,2,2,2,2,1
TRAIN_377,27,0,0,0,9,8,4,0,3,0,2,0,7,25,1,7,6,1,0,2,0,125,4,0,4,4,4,0
TRAIN_378,31,0,0,0,8,4,4,1,3,1,2,1,5,6,0,7,6,1,0,2,0,18,1,1,2,1,3,1
TRAIN_379,22,0,0,0,9,9,4,2,3,1,3,0,7,9,2,7,6,1,0,1,0,35,3,0,3,2,3,0
TRAIN_380,34,2,0,0,10,4,4,1,1,0,2,0,7,9,1,7,6,2,0,1,0,15,1,1,2,4,5,0
TRAIN_381,20,0,0,0,9,6,1,0,3,1,1,1,7,9,1,3,6,2,0,1,0,17,1,1,2,1,3,0
TRAIN_382,32,0,0,0,9,9,4,0,3,0,4,1,7,9,1,6,6,1,0,1,0,46,1,1,2,2,2,0
TRAIN_383,31,0,0,0,9,6,4,1,3,1,1,1,7,6,0,7,6,1,0,2,0,27,1,0,1,2,2,0
TRAIN_384,77,0,0,0,9,9,4,1,3,1,2,0,5,25,1,7,6,1,0,1,0,13,3,0,5,3,4,1
TRAIN_385,0,3,0,0,10,8,9,0,3,1,2,1,7,9,0,6,1,0,0,2,0,32,3,1,3,2,2,0
TRAIN_386,34,2,0,0,12,4,4,1,1,1,2,0,7,9,2,7,6,2,0,2,0,15,3,1,4,2,3,0
TRAIN_387,65,0,0,0,9,0,4,0,3,1,2,0,5,6,1,7,6,2,0,1,0,12,2,0,6,3,6,1
TRAIN_388,15,0,0,0,9,9,4,0,3,1,2,1,7,9,2,7,6,2,1,1,0,37,2,0,3,2,3,0
TRAIN_389,27,0,0,0,10,9,4,0,3,1,1,1,5,6,1,7,6,2,1,1,0,27,2,1,3,2,1,0
TRAIN_390,0,0,0,0,9,9,4,0,3,1,2,1,5,6,1,7,6,0,0,1,0,11,2,0,3,2,1,0
TRAIN_391,25,0,0,0,9,9,4,1,3,1,5,1,5,9,2,3,6,1,0,1,0,22,1,1,2,2,2,1
TRAIN_392,31,0,0,0,10,9,4,1,3,1,4,1,5,9,2,7,6,1,0,1,0,17,1,2,1,1,4,0
TRAIN_393,7,3,1,0,5,3,4,0,3,1,3,1,7,6,0,6,6,1,1,1,1,22,1,0,2,1,3,0
TRAIN_394,8,0,0,0,9,4,4,0,3,1,2,1,0,6,1,7,6,1,0,1,0,16,1,0,2,1,1,1
TRAIN_395,25,0,0,0,9,9,4,1,3,1,2,1,7,9,1,7,6,1,0,2,0,20,2,1,1,2,6,0
TRAIN_396,13,0,1,0,5,3,4,2,1,1,1,0,5,6,1,3,6,2,1,1,1,1,3,1,2,2,4,0
TRAIN_397,11,0,0,0,9,9,4,0,3,0,3,1,7,6,1,6,6,1,0,1,0,31,2,0,3,2,4,0
TRAIN_398,13,0,0,0,9,6,9,1,0,0,2,1,7,9,1,3,6,2,1,1,0,17,3,0,3,1,1,1
TRAIN_399,3,0,0,0,9,9,11,0,3,1,4,1,7,6,1,7,6,2,0,2,0,37,2,1,2,1,1,0
TRAIN_400,2,1,0,0,9,4,4,0,0,0,1,1,5,6,1,3,6,1,1,2,0,74,4,0,1,3,4,0
TRAIN_401,24,0,0,0,9,4,4,0,0,1,3,0,0,9,1,7,6,1,1,1,0,30,1,1,2,1,4,0
TRAIN_402,6,0,0,0,10,4,1,0,3,1,5,1,0,25,1,7,6,2,0,1,0,13,4,0,2,3,2,0
TRAIN_403,13,0,0,0,9,0,11,1,3,1,2,1,7,6,1,7,6,2,0,1,0,16,4,0,3,3,4,0
TRAIN_404,1,0,0,0,9,4,4,1,3,1,2,0,0,9,1,3,6,1,1,1,0,28,4,0,4,1,3,0
TRAIN_405,50,0,0,0,10,0,4,1,3,1,3,1,5,6,2,3,6,1,1,2,0,17,4,1,5,3,6,1
TRAIN_406,24,0,0,0,9,9,4,0,3,1,3,0,5,25,1,3,6,2,0,1,0,17,3,2,4,2,3,0
TRAIN_407,22,0,1,0,5,3,4,2,3,0,2,0,5,9,2,6,6,1,1,1,1,16,1,1,1,2,1,0
TRAIN_408,24,0,1,0,5,3,4,1,3,1,2,1,7,6,1,7,6,1,0,1,1,31,3,1,2,4,2,1
TRAIN_409,24,0,0,0,9,9,11,0,3,1,3,1,5,6,1,7,6,2,0,1,0,35,2,2,4,3,1,0
TRAIN_410,11,0,1,0,5,3,11,0,3,1,2,1,5,6,1,7,6,2,1,1,1,14,3,1,2,3,3,0
TRAIN_411,38,0,1,0,5,3,11,1,3,1,2,1,5,6,2,7,6,1,0,1,1,12,1,3,3,2,5,0
TRAIN_412,44,0,0,0,10,6,11,1,3,0,3,1,7,6,1,3,6,1,1,1,0,24,3,2,2,1,3,0
TRAIN_413,54,0,0,0,10,9,4,0,3,1,2,1,0,9,1,7,6,1,1,1,0,14,1,0,3,1,2,0
TRAIN_414,25,3,1,0,5,3,4,2,3,0,4,0,5,9,1,5,6,1,0,1,1,24,2,2,3,1,4,1
TRAIN_415,11,0,0,0,9,8,4,1,3,1,2,0,7,9,1,3,6,2,0,1,0,37,1,0,2,3,4,0
TRAIN_416,70,0,0,0,8,0,11,1,3,1,4,1,5,6,1,6,6,1,0,2,0,20,2,0,4,1,2,1
TRAIN_417,25,0,0,0,9,9,4,0,0,1,2,0,7,6,1,7,6,2,0,2,0,35,1,0,3,1,1,0
TRAIN_418,0,0,0,0,9,4,11,0,0,1,5,1,5,9,1,7,6,0,0,1,0,27,1,0,4,1,3,1
TRAIN_419,1,0,0,0,12,4,4,1,3,1,2,1,7,6,1,3,6,2,1,1,0,22,1,1,2,1,1,0
TRAIN_420,6,0,0,0,10,9,4,0,3,1,3,0,7,6,0,7,6,2,1,1,0,29,2,1,2,1,4,1
TRAIN_421,27,0,1,0,5,3,1,0,3,1,2,0,7,6,0,3,6,2,0,2,2,76,1,0,3,1,3,0
TRAIN_422,56,0,0,0,9,6,4,1,0,0,2,1,5,9,2,7,6,2,0,1,0,77,3,2,3,3,3,1
TRAIN_423,33,0,1,0,5,3,4,2,3,0,3,1,7,6,1,3,6,1,1,2,1,40,1,1,2,1,2,1
TRAIN_424,90,0,0,0,9,9,1,1,0,1,0,1,5,6,1,7,6,1,1,1,0,23,3,0,4,2,2,0
TRAIN_425,1,3,0,0,10,9,4,0,3,1,2,0,5,21,1,7,6,2,1,2,0,3,2,2,2,2,3,0
TRAIN_426,8,0,1,0,5,3,4,2,3,0,2,0,7,9,1,7,6,2,1,1,1,32,3,0,6,3,2,0
TRAIN_427,4,0,0,0,9,0,9,0,3,1,2,0,7,9,0,6,6,1,1,1,0,6,1,0,4,1,3,0
TRAIN_428,17,0,0,0,9,9,4,2,3,0,3,1,7,9,2,7,6,2,1,1,0,17,2,0,4,3,3,1
TRAIN_429,39,2,0,0,10,9,4,1,1,1,4,1,5,25,1,6,6,1,0,3,0,14,1,0,3,1,5,0
TRAIN_430,16,0,0,0,10,2,4,1,0,1,2,0,7,25,1,3,6,1,1,1,0,28,1,0,4,3,3,0
TRAIN_431,20,0,0,0,5,9,4,1,3,1,2,0,5,9,1,3,6,1,0,1,0,25,1,0,2,5,2,1
TRAIN_432,76,0,0,0,10,4,11,0,3,1,2,1,5,9,2,7,6,1,1,1,0,32,3,0,3,3,1,0
TRAIN_433,8,0,1,0,5,3,11,0,3,1,3,0,7,6,1,7,6,1,0,1,1,28,1,1,3,3,1,0
TRAIN_434,16,0,0,0,9,0,11,0,3,1,2,0,5,6,1,7,6,2,0,1,0,37,4,0,3,4,1,0
TRAIN_435,54,0,0,0,10,4,9,0,3,1,2,1,7,6,0,3,6,1,1,1,0,24,3,0,3,2,1,0
TRAIN_436,54,0,0,0,10,2,4,0,3,1,2,1,5,6,0,7,6,1,1,2,0,12,4,0,2,1,3,0
TRAIN_437,89,0,0,0,10,4,4,0,3,1,2,0,5,9,2,7,6,1,1,1,0,23,1,0,2,4,6,1
TRAIN_438,0,3,0,0,8,4,4,2,3,1,1,1,5,9,1,3,6,0,0,1,0,7,3,2,2,4,5,1
TRAIN_439,60,0,0,0,9,4,11,1,3,1,2,1,0,21,1,7,6,1,1,1,0,49,2,0,2,2,1,0
TRAIN_440,5,3,1,0,5,3,4,0,3,1,6,1,7,21,1,7,6,2,0,1,1,46,1,0,7,4,6,0
TRAIN_441,56,0,0,0,12,9,4,0,3,1,3,1,7,6,1,3,6,1,0,2,0,26,2,0,6,2,2,1
TRAIN_442,31,0,0,0,9,8,4,0,0,1,4,1,5,25,0,7,6,1,1,2,0,39,2,0,3,1,1,0
TRAIN_443,13,2,0,0,8,9,4,0,3,1,2,1,7,6,1,7,6,1,0,1,0,14,1,0,3,1,2,0
TRAIN_444,5,3,1,0,5,3,4,0,3,0,2,1,5,25,1,6,6,2,1,2,3,11,1,0,3,1,2,1
TRAIN_445,13,0,1,0,5,3,4,1,0,1,1,0,2,10,1,7,6,2,0,1,4,16,1,1,3,2,1,0
TRAIN_446,65,0,0,0,9,4,4,0,3,1,2,1,0,9,1,7,6,1,1,1,0,17,1,0,1,3,2,0
TRAIN_447,81,0,0,0,6,0,4,0,3,0,2,1,5,6,1,7,6,1,0,1,0,77,1,0,2,2,1,0
TRAIN_448,0,3,0,0,10,9,4,1,3,0,2,1,5,6,0,7,6,0,0,1,0,17,1,0,1,3,6,0
TRAIN_449,15,0,0,0,9,9,4,0,3,1,4,0,5,25,1,7,6,1,0,1,0,69,2,0,3,2,2,0
TRAIN_450,27,0,0,0,12,9,11,1,3,1,2,1,7,6,1,7,6,2,0,1,0,20,2,1,3,2,5,1
TRAIN_451,18,0,1,0,5,3,4,1,3,1,2,1,7,6,2,3,0,1,0,2,1,7,2,1,2,1,4,0
TRAIN_452,10,0,0,0,9,9,4,1,0,1,3,0,5,6,1,7,6,1,1,1,0,16,3,1,1,1,6,0
TRAIN_453,1,0,0,0,9,4,11,1,3,1,3,1,7,6,1,7,6,1,1,1,0,4,3,0,3,2,3,0
TRAIN_454,53,0,0,0,9,9,4,1,3,1,1,1,7,9,1,3,6,2,1,1,0,6,3,0,3,3,3,0
TRAIN_455,19,0,0,0,8,9,1,0,3,1,3,1,5,9,1,7,6,1,0,1,0,28,2,2,1,2,3,0
TRAIN_456,34,3,1,0,5,3,4,2,3,0,2,1,5,25,2,7,6,1,1,2,4,37,1,2,1,1,2,1
TRAIN_457,3,0,1,0,5,3,1,1,3,1,2,1,5,6,2,7,6,1,1,2,1,12,1,1,1,1,1,0
TRAIN_458,54,0,0,0,8,4,1,0,0,1,2,1,5,9,0,3,6,1,1,1,0,21,1,0,2,1,1,0
TRAIN_459,36,0,0,0,9,8,1,1,0,1,2,0,5,9,1,7,6,2,0,1,0,4,3,0,3,3,2,0
TRAIN_460,0,0,0,0,10,9,4,2,0,0,2,0,7,6,1,3,6,0,0,1,0,20,1,0,5,1,1,1
TRAIN_461,20,0,1,0,5,3,4,1,3,0,2,1,5,6,2,7,6,2,1,3,1,9,1,0,5,2,2,0
TRAIN_462,53,0,0,0,12,9,4,1,3,0,2,1,7,9,1,6,6,1,0,2,0,14,1,3,1,3,1,0
TRAIN_463,31,0,0,0,9,0,4,0,3,0,2,1,7,6,1,7,6,1,1,1,0,17,1,1,3,1,1,0
TRAIN_464,16,0,1,0,5,3,1,0,3,1,2,1,7,25,1,6,6,2,0,1,1,13,1,0,1,4,2,1
TRAIN_465,31,0,0,0,12,9,4,0,3,1,2,1,7,9,1,7,6,2,1,2,0,17,1,0,5,3,2,0
TRAIN_466,52,3,1,0,5,3,11,2,3,0,2,0,5,9,1,7,6,2,0,1,2,22,3,2,4,2,4,0
TRAIN_467,11,0,1,0,5,3,11,0,0,1,2,1,7,6,1,6,6,2,1,1,1,17,1,1,2,1,3,0
TRAIN_468,45,0,0,0,9,9,4,2,3,0,2,1,0,9,1,3,6,2,1,1,0,32,3,0,1,2,5,1
TRAIN_469,65,0,1,0,5,3,11,0,0,1,2,1,7,9,1,7,6,2,0,1,2,9,1,0,1,1,1,0
TRAIN_470,81,0,0,0,2,8,4,2,3,0,2,1,7,9,2,7,6,1,0,1,0,9,2,0,3,4,3,0
TRAIN_471,8,0,0,0,9,4,9,0,3,1,1,0,7,9,2,3,6,2,1,1,0,12,2,0,4,2,4,1
TRAIN_472,17,0,0,0,9,9,4,1,3,1,2,1,7,6,2,3,6,2,0,1,0,19,2,0,4,3,2,0
TRAIN_473,2,0,0,0,9,9,11,0,3,0,0,1,7,9,1,3,6,1,1,1,0,21,3,0,3,2,2,0
TRAIN_474,56,0,0,0,9,9,4,1,3,1,4,1,7,6,1,3,6,1,1,1,0,16,1,1,2,1,4,0
TRAIN_475,20,0,0,0,9,9,11,0,0,0,1,1,7,6,2,7,6,2,1,1,0,18,1,0,6,3,6,0
TRAIN_476,52,0,0,0,9,9,1,0,3,1,2,0,5,6,1,7,6,1,1,1,0,54,3,2,3,2,6,0
TRAIN_477,3,0,0,0,12,9,4,2,3,0,3,1,7,6,2,7,6,1,0,1,0,17,1,2,3,1,2,0
TRAIN_478,17,0,0,0,9,9,4,0,3,1,1,1,7,6,1,7,6,2,1,2,0,12,2,2,1,1,4,1
TRAIN_479,27,0,0,0,9,4,11,1,0,1,2,0,0,25,1,7,6,1,0,1,0,38,4,0,3,1,1,0
TRAIN_480,8,0,0,0,9,9,4,1,3,1,2,0,7,25,1,3,6,2,0,1,0,72,1,0,2,1,1,0
TRAIN_481,18,0,0,0,10,9,4,0,3,1,2,1,7,9,2,7,6,1,0,2,0,17,1,0,3,2,5,0
TRAIN_482,31,0,0,0,9,0,4,2,0,0,3,1,7,6,2,3,6,1,0,1,0,19,2,2,2,1,2,1
TRAIN_483,2,0,0,0,9,9,11,0,3,1,1,1,5,6,1,6,6,2,1,1,0,17,3,0,4,1,1,0
TRAIN_484,22,0,1,0,5,3,4,2,3,0,1,1,7,9,1,7,6,1,0,1,1,7,1,0,3,4,3,0
TRAIN_485,45,0,1,0,5,3,4,2,3,0,2,1,7,9,1,7,6,2,1,1,2,15,3,0,6,1,6,1
TRAIN_486,24,0,0,0,9,8,4,2,0,0,2,1,0,25,1,7,6,1,1,1,0,43,1,1,2,1,3,0
TRAIN_487,16,0,1,0,5,3,1,0,3,1,2,1,7,6,2,7,6,2,1,1,1,29,3,0,4,4,4,0
TRAIN_488,1,0,0,0,10,9,4,2,3,0,3,1,7,6,1,7,6,1,1,2,0,21,2,0,4,2,2,0
TRAIN_489,26,3,1,0,5,3,1,1,3,1,2,1,5,9,2,6,6,1,0,1,1,57,1,2,1,1,3,1
TRAIN_490,1,0,0,0,10,4,4,0,0,1,2,1,0,6,0,6,6,1,0,1,0,40,2,0,3,2,2,0
TRAIN_491,52,0,1,0,5,3,1,0,3,1,1,1,7,21,1,7,6,1,0,1,1,26,1,0,5,2,4,1
TRAIN_492,18,0,0,0,9,9,4,0,3,1,2,1,7,6,1,3,6,1,1,1,0,20,2,0,2,3,3,1
TRAIN_493,13,0,0,0,9,4,4,0,3,1,1,1,7,9,0,7,6,2,0,1,0,14,2,1,3,1,3,0
TRAIN_494,22,0,0,0,9,4,4,1,3,1,2,0,0,6,2,3,6,1,1,1,0,17,1,0,1,1,3,1
TRAIN_495,3,0,0,0,9,9,4,0,3,1,2,1,5,6,1,3,6,1,1,1,0,21,2,0,3,1,2,0
TRAIN_496,65,0,0,0,10,9,4,0,3,1,3,1,0,6,1,6,6,2,0,2,0,7,2,1,3,1,3,0
TRAIN_497,16,0,0,0,9,8,1,1,3,1,3,0,5,6,1,7,6,2,0,1,0,18,1,1,3,2,2,0
TRAIN_498,20,0,0,0,9,9,4,2,0,0,2,1,7,25,2,7,6,2,0,1,0,8,3,0,2,1,2,0
TRAIN_499,6,0,0,0,9,9,4,0,3,0,6,1,7,6,2,6,6,1,1,1,0,1,3,0,2,3,1,0
TRAIN_500,75,0,0,0,10,9,4,2,0,0,2,0,5,9,1,3,6,1,0,1,0,21,1,1,1,1,2,0
TRAIN_501,30,0,0,0,9,9,4,0,3,1,1,0,5,6,0,3,6,2,0,2,0,31,3,0,5,6,5,0
TRAIN_502,11,0,0,0,9,4,4,1,3,0,2,0,0,9,1,7,6,1,1,1,0,20,1,0,1,1,2,0
TRAIN_503,20,0,0,0,9,8,11,0,3,1,3,1,5,6,2,7,6,1,0,1,0,29,2,0,2,2,2,1
TRAIN_504,31,0,1,0,5,3,4,2,3,0,2,1,7,6,1,6,6,2,0,1,1,21,1,1,3,2,4,0
TRAIN_505,65,0,0,0,8,4,4,0,3,1,2,1,5,6,1,7,6,2,0,1,0,30,2,2,2,2,1,0
TRAIN_506,46,0,0,0,9,0,11,0,3,1,4,1,7,9,1,7,6,2,0,2,0,41,5,2,4,3,1,1
TRAIN_507,71,0,0,0,12,4,4,1,3,1,3,0,7,6,0,7,6,1,0,1,0,32,3,0,4,4,4,0
TRAIN_508,56,0,0,0,9,9,4,0,3,1,2,1,5,9,1,7,6,1,0,1,0,17,2,1,2,1,2,0
TRAIN_509,24,0,0,0,9,9,4,2,3,0,1,1,7,9,1,7,6,1,1,2,0,32,3,0,3,1,4,1
TRAIN_510,23,0,0,0,9,4,1,1,3,1,3,1,7,25,1,3,6,2,1,1,0,30,2,2,1,1,1,0
TRAIN_511,17,0,0,0,9,9,4,2,0,1,2,0,7,6,1,7,6,1,1,2,0,1,1,0,1,1,1,0
TRAIN_512,11,0,0,0,10,4,11,0,3,1,2,1,7,9,1,3,6,1,1,1,0,21,5,0,4,2,1,0
TRAIN_513,49,3,0,0,8,9,4,0,3,0,3,1,5,9,1,7,6,1,1,1,0,17,4,0,6,3,1,0
TRAIN_514,11,3,0,0,9,2,4,1,3,1,2,1,7,6,1,7,6,2,0,1,0,9,1,0,2,3,2,0
TRAIN_515,18,0,0,0,9,8,4,1,0,1,2,0,5,6,2,7,6,1,0,1,0,11,3,3,0,1,4,0
TRAIN_516,31,0,0,0,12,9,11,0,2,1,2,0,0,25,1,6,6,1,0,1,0,23,3,1,2,2,4,1
TRAIN_517,8,0,0,0,9,4,9,1,3,1,3,0,7,6,0,3,6,2,0,1,0,43,1,0,2,1,1,0
TRAIN_518,28,0,1,0,5,3,1,1,3,1,2,0,5,25,1,3,6,2,1,1,2,37,1,1,4,1,1,1
TRAIN_519,22,0,0,0,8,4,9,0,0,1,4,0,5,9,1,6,6,1,0,2,0,22,1,0,3,3,1,0
TRAIN_520,11,0,1,0,5,3,4,2,0,1,2,1,7,9,1,7,6,2,0,1,1,19,1,0,3,1,2,0
TRAIN_521,0,0,0,0,9,9,1,0,3,1,1,1,5,9,1,3,6,0,0,1,0,18,2,0,2,1,1,0
TRAIN_522,17,0,1,0,5,3,4,2,3,0,1,1,7,9,2,7,6,2,1,1,1,35,4,0,4,2,4,1
TRAIN_523,14,0,0,0,11,9,11,1,3,1,2,1,5,9,2,7,6,2,1,1,0,22,2,0,4,2,4,0
TRAIN_524,20,0,0,0,12,9,1,0,3,1,1,1,7,6,2,3,6,2,1,1,0,35,4,1,1,2,1,0
TRAIN_525,33,0,0,0,9,9,11,0,3,1,3,1,5,9,1,6,6,2,0,1,0,12,1,1,3,2,1,0
TRAIN_526,11,0,0,0,12,9,4,2,3,0,2,1,7,9,2,7,6,2,0,1,0,11,2,0,1,2,3,0
TRAIN_527,33,0,0,0,9,9,1,0,3,1,8,1,7,9,0,6,6,1,0,1,0,19,1,0,1,1,1,0
TRAIN_528,20,0,0,0,9,0,5,0,0,1,4,0,5,9,1,6,6,2,1,1,0,39,4,0,3,1,1,0
TRAIN_529,27,0,0,0,8,4,4,1,0,1,1,1,7,9,2,7,6,1,0,2,0,32,2,2,4,2,3,1
TRAIN_530,27,0,0,0,9,0,11,0,3,1,2,1,7,25,1,7,6,2,0,1,0,36,2,1,3,2,3,1
TRAIN_531,38,0,0,0,12,9,4,1,3,1,2,1,7,25,1,6,6,1,0,1,0,32,3,1,4,2,2,0
TRAIN_532,65,0,1,0,5,3,4,2,3,0,5,1,7,6,0,7,6,2,0,1,2,4,1,2,2,1,2,0
TRAIN_533,22,2,0,0,8,8,4,0,1,1,2,0,0,9,0,7,6,2,0,1,0,51,2,1,2,1,2,0
TRAIN_534,38,0,1,0,5,3,4,1,3,1,2,1,5,9,1,7,6,1,0,1,2,1,1,2,3,1,4,0
TRAIN_535,1,0,0,0,9,8,4,0,3,1,3,1,7,9,1,3,6,2,1,2,0,20,4,1,3,2,1,0
TRAIN_536,22,0,1,0,5,3,4,2,3,0,2,0,5,9,1,7,6,1,0,1,1,33,2,0,1,2,3,0
TRAIN_537,44,0,0,0,10,9,4,1,3,0,3,1,7,6,2,7,6,1,0,2,0,18,2,0,3,2,2,0
TRAIN_538,24,0,0,0,9,9,4,1,3,1,2,1,5,6,1,3,6,2,1,1,0,29,1,0,1,1,2,1
TRAIN_539,13,0,0,0,12,8,4,0,3,1,1,1,7,25,1,3,6,2,0,1,0,17,1,0,1,3,4,0
TRAIN_540,44,0,0,0,9,0,9,0,0,1,2,1,7,6,0,6,6,2,1,1,0,32,1,0,1,1,2,1
TRAIN_541,20,0,0,0,9,9,4,0,3,1,2,1,5,6,1,7,6,2,1,2,0,34,1,2,1,4,5,0
TRAIN_542,65,0,0,0,9,9,4,1,3,0,2,1,5,9,2,7,6,1,1,1,0,36,1,0,1,1,2,0
TRAIN_543,2,0,1,0,5,3,4,1,0,1,2,0,5,25,1,7,6,2,1,1,1,96,3,0,2,3,2,1
TRAIN_544,27,0,0,0,9,4,4,1,3,0,1,1,5,6,1,3,6,2,1,1,0,18,1,0,1,1,3,0
TRAIN_545,27,0,0,0,10,9,4,1,3,0,2,0,0,6,1,7,6,2,0,2,0,21,1,1,2,5,6,1
TRAIN_546,51,2,0,0,12,4,4,1,0,0,2,1,7,6,1,6,6,1,0,1,0,32,3,1,2,1,2,1
TRAIN_547,11,0,0,0,9,8,4,2,0,0,3,0,0,25,2,3,6,2,1,1,0,40,2,0,3,1,2,0
TRAIN_548,56,0,1,0,5,3,4,1,3,1,2,0,7,25,0,6,6,2,0,1,1,15,2,1,2,4,5,0
TRAIN_549,11,0,0,0,9,4,11,0,0,1,4,1,5,6,1,7,6,1,1,1,0,18,1,0,2,2,4,0
TRAIN_550,4,0,1,0,5,3,4,1,0,1,2,1,5,6,1,7,6,1,0,2,1,21,1,1,3,1,1,0
TRAIN_551,22,0,0,0,9,9,4,1,0,1,4,1,5,25,1,6,6,1,0,1,0,46,5,2,2,4,4,0
TRAIN_552,50,0,0,0,10,4,1,1,3,1,3,1,5,9,1,3,6,1,1,1,0,22,1,1,1,1,1,1
TRAIN_553,27,0,0,0,9,4,11,0,3,1,2,0,5,6,1,7,6,2,0,1,0,32,1,0,2,1,2,1
TRAIN_554,16,2,0,0,10,9,11,1,1,1,2,1,5,6,2,7,6,2,0,2,0,35,3,1,1,2,4,0
TRAIN_555,18,0,0,0,9,9,4,1,3,0,2,1,7,6,0,7,6,2,0,1,0,24,3,2,2,1,1,0
TRAIN_556,19,0,0,0,9,4,4,0,3,1,3,1,5,9,1,6,6,1,1,1,0,15,1,0,1,1,1,0
TRAIN_557,56,0,0,0,9,9,1,0,3,1,2,1,7,6,1,6,6,2,0,1,0,15,1,1,1,2,1,1
TRAIN_558,18,2,0,0,10,8,11,1,1,0,2,0,5,6,1,7,6,1,0,1,0,18,3,3,3,3,1,0
TRAIN_559,26,0,0,0,12,9,11,0,3,1,2,1,7,9,1,7,6,1,1,1,0,62,2,1,3,3,4,1
TRAIN_560,24,0,0,0,12,9,4,0,2,1,1,1,5,21,1,7,6,1,0,1,0,72,3,0,4,1,4,0
TRAIN_561,30,3,0,0,8,2,1,0,3,1,2,1,5,6,1,3,6,1,0,1,0,2,1,2,1,1,2,0
TRAIN_562,38,0,0,0,8,0,11,0,3,1,1,1,7,6,0,7,6,2,0,2,0,55,2,0,2,2,3,0
TRAIN_563,33,0,0,0,9,9,4,0,3,1,2,1,5,9,1,3,6,2,1,1,0,15,4,1,5,2,4,0
TRAIN_564,38,0,0,0,10,4,11,0,3,1,2,0,5,9,1,6,6,1,1,1,0,35,1,0,3,1,1,1
TRAIN_565,8,2,0,0,5,9,4,2,1,0,1,0,5,6,1,3,6,1,1,1,0,13,1,1,2,1,2,0
TRAIN_566,15,0,0,0,9,4,4,1,3,1,2,1,7,6,0,7,6,1,0,2,0,50,1,0,1,2,1,0
TRAIN_567,22,0,0,0,9,9,4,1,3,0,3,1,7,6,0,7,6,1,0,1,0,21,3,0,1,2,3,1
TRAIN_568,31,0,0,0,9,4,4,0,0,0,1,1,6,9,0,7,6,1,0,1,0,28,1,0,2,2,3,0
TRAIN_569,75,0,0,0,9,9,4,2,3,0,4,0,5,25,1,7,6,1,1,1,0,13,3,0,5,2,3,0
TRAIN_570,16,0,0,0,9,8,4,1,0,0,4,1,0,25,1,7,6,1,1,2,0,41,3,0,4,6,6,0
TRAIN_571,22,0,0,0,10,4,1,1,3,1,4,1,0,9,1,7,6,1,1,1,0,35,2,1,1,2,1,0
TRAIN_572,24,0,0,0,9,4,11,0,2,1,1,1,7,21,1,3,6,1,0,1,0,27,1,0,3,4,5,0
TRAIN_573,65,0,0,0,10,9,11,0,3,1,3,1,7,9,1,7,6,1,0,1,0,6,2,0,3,4,1,0
TRAIN_574,24,0,0,0,9,9,4,0,3,0,2,1,0,9,1,7,6,1,1,2,0,52,1,0,1,1,3,1
TRAIN_575,13,0,1,0,5,3,4,1,0,1,2,0,5,25,0,7,6,1,1,1,1,56,3,0,1,3,5,0
TRAIN_576,24,0,0,0,9,0,4,1,3,1,1,1,7,25,0,7,6,2,0,1,0,25,1,0,1,2,2,1
TRAIN_577,47,0,0,0,8,4,4,2,0,0,4,1,0,9,1,7,6,1,0,2,0,36,1,0,1,1,2,0
TRAIN_578,11,0,0,0,9,9,11,1,3,0,2,1,7,9,1,7,6,1,0,1,0,19,1,0,3,1,3,1
TRAIN_579,20,0,1,0,5,3,9,0,3,1,2,1,7,6,2,7,6,2,1,1,1,17,2,1,1,1,1,0
TRAIN_580,24,0,1,0,5,3,4,2,0,0,1,1,7,9,2,7,6,2,0,1,1,17,3,2,1,2,4,1
TRAIN_581,20,0,1,0,5,3,4,2,3,0,2,0,7,9,2,7,6,1,0,2,1,4,3,1,2,1,4,0
TRAIN_582,24,0,0,0,9,9,4,1,3,0,2,1,7,9,1,7,6,1,0,1,0,24,2,0,1,1,1,1
TRAIN_583,6,0,0,0,9,9,11,0,0,1,5,1,7,9,1,3,6,2,1,1,0,26,2,0,4,1,1,0
TRAIN_584,18,0,0,0,10,4,4,0,3,0,1,1,7,9,1,7,6,2,0,2,0,9,2,0,3,1,3,0
TRAIN_585,6,0,1,0,5,3,4,1,0,0,2,0,7,9,2,7,6,1,1,2,2,9,2,0,6,2,3,0
TRAIN_586,52,0,0,0,9,9,4,1,3,0,2,1,7,6,1,7,6,1,0,1,0,29,3,0,3,2,1,0
TRAIN_587,10,0,1,0,5,3,4,1,3,0,2,1,7,21,1,7,6,1,1,1,3,34,3,0,3,3,3,0
TRAIN_588,27,0,1,0,5,3,9,0,3,1,3,1,7,9,1,6,6,2,1,1,1,28,2,0,3,1,2,0
TRAIN_589,80,0,0,0,10,9,4,0,3,1,3,1,7,9,1,6,6,2,1,2,0,12,5,1,6,1,1,1
TRAIN_590,38,0,0,0,8,0,1,0,0,1,2,1,7,9,1,3,6,1,1,1,0,14,1,0,2,1,1,1
TRAIN_591,11,0,0,0,9,9,11,0,3,1,2,1,7,6,1,3,6,2,1,1,0,18,1,0,3,1,1,0
TRAIN_592,76,0,0,0,10,0,4,2,3,0,4,1,5,9,1,6,6,1,1,2,0,37,2,1,3,1,6,1
TRAIN_593,1,0,0,0,9,9,4,2,3,1,2,1,7,9,1,3,6,1,1,1,0,72,3,0,2,1,3,0
TRAIN_594,4,0,0,0,10,9,4,1,3,1,2,1,7,9,2,7,6,1,1,2,0,17,1,1,1,4,1,1
TRAIN_595,6,0,1,0,5,3,11,0,3,1,1,1,7,9,1,7,6,1,1,1,1,11,4,1,2,3,5,0
TRAIN_596,27,0,0,0,10,9,4,2,3,0,2,1,7,6,2,7,6,1,0,1,0,17,1,0,2,1,4,1
TRAIN_597,22,0,0,0,9,9,4,2,3,0,2,0,7,9,2,3,6,1,1,1,0,49,3,0,4,3,3,0
TRAIN_598,88,0,0,0,9,9,1,1,3,1,1,1,7,25,1,6,6,1,1,1,0,19,3,1,2,2,1,0
TRAIN_599,26,0,0,0,9,4,4,0,0,1,2,1,5,9,0,7,6,1,1,1,0,24,1,0,2,1,1,0
TRAIN_600,26,0,0,0,12,4,4,2,3,0,1,1,7,6,1,7,6,1,1,1,0,9,2,1,3,1,1,0
TRAIN_601,22,0,0,0,9,4,4,2,3,0,3,0,7,6,1,7,6,1,0,1,0,54,1,0,2,2,3,0
TRAIN_602,24,0,1,0,5,3,4,0,0,0,1,1,0,21,0,7,6,1,0,2,1,14,3,2,3,2,4,1
TRAIN_603,19,0,0,0,10,6,4,0,3,1,2,1,5,9,1,7,6,1,0,1,0,17,3,0,2,2,1,0
TRAIN_604,36,3,0,0,10,0,11,1,3,1,3,1,7,6,2,3,6,1,0,1,0,30,2,2,1,2,6,1
TRAIN_605,29,0,0,0,9,2,11,1,1,1,2,1,5,9,2,6,6,1,1,1,0,23,1,1,2,1,1,1
TRAIN_606,30,0,0,0,9,8,4,0,3,1,2,0,5,9,1,3,6,1,0,1,0,17,2,0,1,1,3,0
TRAIN_607,20,0,1,0,5,3,4,0,3,1,1,1,7,6,1,7,6,1,0,1,1,28,3,0,2,2,1,1
TRAIN_608,13,3,1,0,5,3,4,0,3,1,4,1,7,9,2,7,6,2,0,2,1,17,1,2,3,2,6,1
TRAIN_609,31,0,0,0,9,9,4,1,3,0,1,1,0,9,1,7,6,1,1,1,0,21,3,0,1,3,3,0
TRAIN_610,63,3,0,0,8,9,11,0,3,1,2,1,5,21,2,3,6,1,0,2,0,63,2,2,2,1,3,1
TRAIN_611,20,0,0,0,9,4,9,0,3,1,3,1,7,9,1,6,6,2,1,2,0,30,3,0,3,2,4,1
TRAIN_612,56,0,0,0,9,9,11,0,3,1,2,0,5,6,0,6,6,2,1,1,0,12,3,0,2,2,5,0
TRAIN_613,44,0,1,0,5,3,4,2,3,0,1,0,7,9,1,7,6,1,1,1,1,16,1,2,2,1,2,1
TRAIN_614,23,2,0,0,12,9,4,2,1,0,2,1,5,0,2,0,6,1,0,1,0,3,1,0,1,1,3,0
TRAIN_615,24,0,0,0,9,9,11,0,0,0,2,0,0,25,1,3,6,1,0,1,0,34,4,0,3,3,4,0
TRAIN_616,15,0,0,0,12,8,1,0,3,1,1,1,0,6,1,7,6,2,1,1,0,7,1,0,1,1,1,1
TRAIN_617,83,0,0,0,9,4,4,1,3,0,3,1,7,6,1,6,6,1,0,1,0,16,1,0,3,2,2,1
TRAIN_618,6,0,0,0,12,4,4,1,3,0,4,1,5,21,2,3,6,2,1,1,0,23,3,1,4,1,2,0
TRAIN_619,53,0,1,0,5,3,4,2,3,0,2,0,7,9,2,3,6,1,0,2,1,50,2,1,3,1,2,1
TRAIN_620,62,0,0,0,10,4,4,1,0,1,2,1,7,9,1,7,6,1,1,1,0,69,3,0,5,4,6,0
TRAIN_621,53,3,0,0,9,9,4,0,3,1,2,1,5,6,1,7,6,1,0,1,0,14,1,0,1,1,1,0
TRAIN_622,69,0,0,0,9,9,4,0,3,1,2,1,7,9,1,3,6,1,1,2,0,25,5,0,1,3,3,0
TRAIN_623,1,0,0,0,12,9,4,1,3,1,2,0,0,6,2,7,6,2,1,1,0,11,1,0,2,1,1,1
TRAIN_624,1,0,0,0,10,2,4,0,3,1,2,1,5,9,1,3,6,2,1,1,0,29,2,0,3,2,5,1
TRAIN_625,15,0,0,0,9,2,4,0,3,1,2,1,7,9,2,3,6,1,0,1,0,33,1,0,3,1,4,0
TRAIN_626,0,0,0,0,9,0,11,0,3,1,1,0,7,6,1,7,6,0,0,1,0,16,2,0,6,3,2,0
TRAIN_627,56,0,0,0,12,6,11,0,3,1,2,0,5,6,1,7,6,1,0,2,0,64,5,1,3,4,3,1
TRAIN_628,2,0,0,0,8,4,4,1,3,1,3,0,5,9,1,7,6,2,1,1,0,31,2,1,4,2,6,0
TRAIN_629,38,0,0,0,9,9,1,0,3,1,3,1,5,6,1,7,6,1,0,2,0,26,1,0,4,2,3,1
TRAIN_630,41,0,0,0,12,2,4,1,3,1,5,1,7,9,1,7,6,2,0,1,0,30,4,0,3,1,4,0
TRAIN_631,13,0,0,0,9,4,4,2,3,0,3,0,5,25,1,3,6,2,0,2,0,36,3,0,1,3,3,0
TRAIN_632,4,0,1,0,5,3,4,2,3,0,3,1,7,9,1,7,6,1,0,2,1,47,4,1,2,3,3,1
TRAIN_633,25,0,0,0,9,9,11,0,3,1,2,1,7,9,1,7,6,1,1,1,0,33,2,1,4,1,1,0
TRAIN_634,20,0,0,0,12,9,4,1,3,1,2,1,7,9,1,7,6,2,1,1,0,38,5,1,3,6,4,0
TRAIN_635,12,0,0,0,8,2,4,1,3,0,3,1,7,25,1,7,6,2,0,1,0,31,2,1,4,2,3,0
TRAIN_636,45,0,0,0,9,9,4,0,3,1,4,1,7,9,1,7,6,1,1,1,0,29,1,1,2,1,3,1
TRAIN_637,53,1,0,0,5,2,1,0,3,1,2,1,5,6,2,7,6,2,1,1,0,2,3,4,1,1,2,0
TRAIN_638,0,3,0,0,8,9,4,0,3,1,1,1,0,21,0,6,6,0,0,1,0,28,1,1,1,1,3,0
TRAIN_639,31,0,1,0,5,3,4,0,3,0,1,1,7,6,1,7,6,2,1,1,1,12,2,2,1,1,2,0
TRAIN_640,16,0,0,0,12,2,4,1,3,1,2,1,7,9,2,7,6,1,0,1,0,9,2,0,4,2,3,1
TRAIN_641,52,0,0,0,9,9,4,1,3,1,2,0,5,6,1,7,6,2,0,1,0,6,3,1,2,3,5,1
TRAIN_642,7,0,0,0,9,8,4,0,3,1,1,0,5,6,0,3,6,1,1,1,0,17,3,0,3,2,1,0
TRAIN_643,30,0,0,0,10,9,4,0,3,1,4,1,5,9,1,7,6,1,1,1,0,19,2,1,3,2,4,0
TRAIN_644,20,0,0,0,8,9,4,0,0,1,1,1,7,9,1,3,6,1,1,2,0,20,4,1,4,1,3,1
TRAIN_645,65,0,1,0,5,3,9,0,3,0,3,1,7,21,1,6,6,2,0,1,2,13,4,1,2,2,3,1
TRAIN_646,75,0,0,0,9,9,4,1,0,1,3,0,7,6,1,3,6,2,1,2,0,13,2,0,3,3,3,1
TRAIN_647,35,0,0,0,10,2,4,1,3,1,0,0,5,9,2,3,6,1,0,1,0,27,1,0,2,1,3,1
TRAIN_648,20,0,1,0,5,3,11,1,3,1,3,1,5,6,2,7,6,2,0,1,1,20,1,2,1,1,1,0
TRAIN_649,26,0,0,0,9,9,4,2,3,0,2,1,7,9,1,3,6,2,0,1,0,11,2,0,3,1,3,0
TRAIN_650,16,0,0,0,10,4,4,1,3,1,2,1,5,9,1,6,6,2,1,2,0,28,4,0,5,2,6,0
TRAIN_651,11,0,0,0,9,2,4,2,3,0,2,1,7,25,1,7,6,2,1,1,0,12,2,0,4,2,3,0
TRAIN_652,52,3,1,0,5,3,4,2,3,0,2,1,5,9,1,7,6,1,0,1,3,4,2,4,1,3,1,0
TRAIN_653,53,0,0,0,10,8,4,2,0,0,2,0,5,25,1,6,6,1,0,1,0,26,1,0,2,1,3,0
TRAIN_654,31,0,0,0,9,9,9,0,0,1,3,1,5,6,1,7,6,2,1,1,0,12,1,0,1,1,1,0
TRAIN_655,22,0,0,0,9,9,4,1,3,1,1,0,5,6,1,7,6,2,1,2,0,1,1,0,4,1,1,1
TRAIN_656,0,0,0,0,9,9,11,1,3,1,2,1,7,6,1,7,6,0,0,1,0,4,1,1,2,1,1,0
TRAIN_657,30,0,1,0,5,3,11,2,0,0,2,1,5,6,1,3,6,2,1,1,3,1,1,3,2,4,1,0
TRAIN_658,15,2,0,0,10,9,4,0,1,1,1,1,7,9,1,7,6,1,0,2,0,40,1,0,2,2,2,0
TRAIN_659,26,0,0,0,12,9,4,0,3,1,2,1,7,6,1,3,6,1,0,1,0,21,1,0,2,2,2,0
TRAIN_660,80,0,0,0,8,4,9,0,3,1,2,1,7,4,1,7,6,2,1,1,0,25,2,0,3,1,2,0
TRAIN_661,65,0,1,0,5,3,1,1,3,1,3,1,7,6,1,3,6,1,0,3,2,21,2,2,2,2,3,1
TRAIN_662,60,3,0,0,12,9,4,1,3,0,4,0,7,9,1,7,6,1,1,3,0,36,1,1,3,3,3,1
TRAIN_663,23,0,1,0,5,3,4,1,0,1,2,0,7,9,1,7,6,2,0,1,1,42,2,0,3,1,2,1
TRAIN_664,33,0,0,0,9,9,4,1,3,1,2,0,5,9,2,7,6,1,0,2,0,9,5,0,1,2,2,0
TRAIN_665,0,0,0,0,10,4,11,1,3,1,4,1,7,9,1,6,6,2,0,1,0,29,3,0,4,2,3,0
TRAIN_666,23,3,1,0,5,3,4,2,3,1,2,1,5,6,1,3,6,2,0,1,3,11,1,2,1,2,6,1
TRAIN_667,20,0,0,0,8,4,11,0,3,1,2,1,5,6,0,7,6,1,0,1,0,13,1,1,1,1,3,1
TRAIN_668,16,0,0,0,8,9,1,0,3,1,3,1,5,9,1,7,6,1,0,3,0,1,2,2,2,3,2,0
TRAIN_669,53,0,0,0,9,9,4,0,3,1,2,1,7,21,1,7,6,1,0,1,0,9,3,0,2,2,1,0
TRAIN_670,22,0,0,0,9,9,4,0,3,1,2,0,7,9,1,7,6,1,0,1,0,25,1,0,1,1,4,0
TRAIN_671,2,0,0,0,9,0,11,0,3,1,2,0,5,9,1,7,6,2,0,1,0,21,3,2,3,3,2,0
TRAIN_672,60,2,0,0,10,4,4,0,0,1,3,1,7,6,1,7,6,2,1,1,0,10,1,3,2,1,1,1
TRAIN_673,24,0,0,0,9,8,4,0,0,1,3,0,5,6,1,7,6,1,0,4,0,4,1,0,3,1,1,0
TRAIN_674,53,0,0,0,10,4,9,2,3,0,1,1,0,6,1,3,6,1,1,1,0,24,1,1,1,1,3,0
TRAIN_675,11,0,0,0,9,4,1,0,3,1,2,1,7,6,1,3,6,2,0,1,0,18,1,0,2,3,1,1
TRAIN_676,38,0,0,0,8,4,11,0,3,1,2,1,7,9,1,7,6,2,1,1,0,55,1,1,2,2,3,1
TRAIN_677,56,0,0,0,12,2,1,1,3,1,5,1,5,6,1,3,6,2,0,1,0,13,2,0,3,1,4,0
TRAIN_678,3,0,0,0,9,2,4,1,3,0,2,0,7,9,1,7,6,1,1,1,0,22,2,0,1,1,2,1
TRAIN_679,0,0,0,0,9,9,11,0,0,1,2,1,7,21,2,7,6,0,0,2,0,17,1,0,3,1,4,1
TRAIN_680,47,0,0,0,9,4,4,0,3,1,1,0,0,6,1,7,6,1,0,1,0,30,1,0,2,2,3,0
TRAIN_681,3,0,0,0,10,4,11,0,3,1,2,1,7,9,1,7,6,2,0,1,0,19,3,0,3,3,4,0
TRAIN_682,33,3,1,0,5,3,4,2,3,0,2,1,5,9,1,7,6,1,0,2,1,24,2,3,1,2,3,0
TRAIN_683,13,2,0,0,10,9,4,1,1,1,2,1,7,6,2,3,6,1,1,1,0,18,2,1,3,1,2,1
TRAIN_684,11,0,0,0,9,8,4,0,3,1,2,0,5,6,1,7,6,1,1,1,0,53,2,1,1,2,3,0
TRAIN_685,81,0,0,0,9,0,4,0,3,1,2,1,5,6,1,3,6,2,1,1,0,5,2,0,5,5,1,0
TRAIN_686,16,0,0,0,9,9,4,1,3,1,3,0,7,6,1,7,6,2,0,1,0,26,1,0,2,1,2,1
TRAIN_687,16,0,0,0,12,9,4,2,3,0,2,0,0,9,1,3,6,1,1,2,0,30,2,0,2,1,1,0
TRAIN_688,78,0,1,0,5,3,4,2,3,0,2,0,5,6,2,7,6,1,0,1,1,25,1,0,2,3,1,0
TRAIN_689,10,3,0,0,8,9,4,0,3,1,2,1,7,6,1,7,6,1,0,1,0,35,2,1,2,3,1,0
TRAIN_690,56,0,1,0,5,3,11,0,3,1,1,1,7,9,1,7,6,2,1,1,1,37,1,0,3,1,6,0
TRAIN_691,65,0,0,0,9,9,4,1,0,1,1,1,0,9,2,6,6,1,1,2,0,38,1,0,1,1,3,0
TRAIN_692,22,0,0,0,9,0,4,2,3,1,1,0,7,25,1,3,6,1,0,1,0,13,1,0,1,1,4,0
TRAIN_693,31,0,1,0,5,3,4,1,0,1,1,0,5,9,2,7,6,2,1,1,1,36,3,0,1,1,3,0
TRAIN_694,4,0,1,0,5,3,4,0,0,1,2,1,7,6,1,7,6,1,0,1,1,52,3,0,3,2,2,0
TRAIN_695,56,0,0,0,9,6,11,0,3,1,3,0,7,6,1,7,6,1,0,1,0,57,2,0,2,3,3,1
TRAIN_696,31,0,1,0,5,3,1,0,3,1,1,1,7,6,1,7,6,2,1,1,1,6,3,0,3,1,6,1
TRAIN_697,3,0,0,0,12,4,4,0,3,1,2,1,7,6,0,7,6,1,1,1,0,18,1,0,1,1,4,0
TRAIN_698,44,0,1,0,5,3,4,2,3,0,2,1,7,9,1,6,6,1,1,1,1,4,1,3,2,2,2,1
TRAIN_699,1,0,0,0,12,9,4,0,3,1,2,1,5,6,1,3,6,2,0,1,0,4,1,0,4,1,4,0
TRAIN_700,1,0,0,0,9,9,4,2,3,0,2,1,7,9,2,6,6,1,0,1,0,23,1,0,3,1,2,1
TRAIN_701,56,0,0,0,9,9,11,1,3,1,2,0,5,6,2,3,6,1,1,1,0,18,1,0,4,4,5,0
TRAIN_702,27,0,1,0,5,3,4,2,3,0,2,1,7,6,1,7,6,1,0,2,1,17,3,2,4,1,6,1
TRAIN_703,8,0,0,0,9,9,4,0,3,1,2,1,7,6,0,7,6,1,0,1,0,14,1,0,2,2,3,0
TRAIN_704,0,2,0,0,10,9,4,1,1,0,2,0,5,9,1,7,6,1,0,2,0,24,4,0,1,5,6,0
TRAIN_705,2,0,1,0,5,3,1,0,3,0,2,1,5,9,0,7,6,2,1,1,1,119,2,2,2,2,3,0
TRAIN_706,20,0,0,0,9,4,1,0,3,1,5,1,7,6,1,7,6,2,0,1,0,27,2,1,4,4,1,0
TRAIN_707,3,0,0,0,9,0,11,0,3,1,2,0,7,21,0,7,6,1,1,1,0,30,4,1,3,1,3,0
TRAIN_708,56,0,0,0,9,9,11,1,0,1,2,0,5,25,2,7,6,1,0,2,0,14,3,0,1,2,4,1
TRAIN_709,67,0,0,0,8,9,4,1,3,1,2,0,5,6,2,6,6,1,1,1,0,31,1,0,5,1,4,0
TRAIN_710,24,0,0,0,9,8,4,2,0,0,2,1,7,25,1,7,6,1,0,1,0,62,1,0,2,1,1,0
TRAIN_711,34,0,0,0,9,9,4,0,3,1,3,1,7,25,1,7,6,1,0,1,0,10,1,1,1,1,1,0
TRAIN_712,28,0,1,0,5,3,4,1,3,0,1,0,5,25,2,7,6,1,0,2,1,21,3,0,2,4,4,0
TRAIN_713,8,0,1,0,5,3,4,1,3,1,2,1,7,6,0,6,6,1,0,1,1,29,4,1,2,1,3,0
TRAIN_714,26,0,0,0,9,9,4,0,3,1,2,0,7,25,1,3,6,2,0,2,0,7,1,1,2,4,2,0
TRAIN_715,1,0,0,0,8,4,11,1,3,1,3,1,7,6,1,6,6,1,1,1,0,17,3,0,4,1,2,1
TRAIN_716,73,0,1,0,5,3,4,1,3,1,3,1,10,1,0,3,6,1,1,2,2,25,1,0,7,3,6,0
TRAIN_717,3,0,0,0,9,9,4,1,3,1,2,1,7,21,2,7,6,1,1,2,0,3,3,0,3,1,2,0
TRAIN_718,0,0,0,0,10,9,4,1,0,0,2,1,7,9,2,7,6,0,0,1,0,6,2,0,2,2,4,0
TRAIN_719,44,0,1,0,5,3,1,0,3,0,1,1,0,9,0,7,6,1,0,1,1,3,1,2,2,1,3,0
TRAIN_720,40,0,0,0,12,4,4,1,3,0,2,1,5,6,2,7,6,1,0,1,0,18,1,1,2,3,2,0
TRAIN_721,52,0,0,0,9,9,4,2,3,0,4,1,5,3,2,6,6,1,0,1,0,12,1,0,2,1,2,1
TRAIN_722,2,0,0,0,10,9,4,0,3,1,2,1,7,25,2,3,6,2,1,1,0,44,1,0,1,2,2,0
TRAIN_723,32,2,0,0,10,9,4,1,1,1,4,1,5,9,1,3,6,1,1,2,0,24,3,0,4,2,2,0
TRAIN_724,52,0,0,0,9,4,4,1,3,1,2,1,5,6,1,7,6,2,1,1,0,13,2,1,4,3,5,1
TRAIN_725,34,0,0,0,9,9,4,1,3,1,2,1,5,6,0,7,6,2,1,1,0,22,3,0,3,1,3,0
TRAIN_726,10,0,1,0,5,3,4,0,3,0,2,0,5,6,2,7,6,2,0,1,1,42,3,0,2,4,4,0
TRAIN_727,16,0,0,0,9,4,4,2,3,0,3,0,7,9,2,7,6,1,1,1,0,17,3,0,3,2,4,0
TRAIN_728,25,0,0,0,12,8,4,1,0,1,2,0,5,9,1,6,6,2,1,2,0,17,4,1,4,1,3,1
TRAIN_729,48,0,0,0,10,8,4,0,0,0,5,1,0,22,0,3,6,2,0,1,0,12,2,0,4,2,1,0
TRAIN_730,1,0,0,0,9,9,9,0,3,1,2,1,7,9,1,7,6,1,0,1,0,25,3,0,3,3,2,0
TRAIN_731,11,0,0,0,12,9,4,2,0,0,1,1,7,25,1,6,6,1,1,1,0,55,1,0,1,2,4,0
TRAIN_732,24,0,0,0,9,9,4,2,3,0,3,0,7,6,1,7,6,1,1,1,0,9,1,0,1,1,1,0
TRAIN_733,56,0,0,0,10,0,4,1,3,1,2,0,5,6,0,3,6,1,0,1,0,22,3,0,3,3,4,1
TRAIN_734,37,0,0,0,12,2,4,2,3,0,4,1,7,6,1,7,6,2,1,1,0,28,2,2,1,2,1,1
TRAIN_735,56,0,0,0,9,6,1,0,3,1,2,0,0,6,1,7,6,1,0,2,0,32,3,2,3,3,3,0
TRAIN_736,1,0,0,0,12,0,1,0,3,1,2,1,7,9,1,7,6,1,1,1,0,58,4,1,4,2,6,0
TRAIN_737,16,0,0,0,9,9,4,1,3,1,5,1,7,9,1,6,6,2,0,2,0,45,3,0,3,4,4,1
TRAIN_738,18,0,0,0,8,9,4,0,3,1,4,1,7,9,0,6,6,1,0,1,0,19,1,0,3,2,6,0
TRAIN_739,50,0,0,0,10,6,11,1,3,0,3,0,7,6,2,7,6,2,0,1,0,9,1,1,4,1,2,0
TRAIN_740,33,0,0,0,9,4,9,0,3,1,2,0,0,25,1,7,6,2,1,1,0,53,3,0,1,3,4,0
TRAIN_741,6,3,1,0,5,3,11,0,3,1,3,1,5,6,1,7,6,2,1,1,1,21,5,1,4,1,2,0
TRAIN_742,13,0,0,0,9,0,4,2,3,0,2,1,7,6,1,3,6,1,0,1,0,21,2,0,2,3,3,0
TRAIN_743,13,0,0,0,9,9,1,0,3,1,3,1,5,6,1,7,6,2,1,1,0,35,1,2,2,2,4,0
TRAIN_744,43,0,0,0,8,0,4,1,3,1,3,1,5,6,1,3,6,1,0,1,0,19,1,2,1,2,6,1
TRAIN_745,11,0,0,0,9,2,11,0,0,1,1,0,7,25,1,3,6,2,0,1,0,22,1,0,2,1,1,1
TRAIN_746,30,0,0,0,10,9,4,2,3,1,2,1,7,6,1,7,6,1,1,1,0,6,2,0,2,3,3,1
TRAIN_747,25,0,0,0,9,9,4,0,3,1,3,1,0,6,2,7,6,1,0,1,0,4,1,1,1,1,1,1
